5,5,WZgkVQX4eg8T4A5Drqh2zU+lres=,mdoLuLe7Y/cAtQuOJKObXjEEV6k=
6,6,WZgkVQX4eg8T4A5Drqh2zU+lres=,mdoLuLe7Y/cAtQuOJKObXjEEV6k=
6,5,WZgkVQX4eg8T4A5Drqh2zU+lres=,mdoLuLe7Y/cAtQuOJKObXjEEV6k=
5,6,WZgkVQX4eg8T4A5Drqh2zU+lres=,mdoLuLe7Y/cAtQuOJKObXjEEV6k=
9,1,WZgkVQX4eg8T4A5Drqh2zU+lres=,rMwddKmoo0/OppbwqxfbqvGAFLo=
10,2,WZgkVQX4eg8T4A5Drqh2zU+lres=,rMwddKmoo0/OppbwqxfbqvGAFLo=
10,1,WZgkVQX4eg8T4A5Drqh2zU+lres=,rMwddKmoo0/OppbwqxfbqvGAFLo=
9,2,WZgkVQX4eg8T4A5Drqh2zU+lres=,rMwddKmoo0/OppbwqxfbqvGAFLo=
14,2,WZgkVQX4eg8T4A5Drqh2zU+lres=,DjIPGYHH+oU5zm38v085vEvylKQ=
13,2,WZgkVQX4eg8T4A5Drqh2zU+lres=,DjIPGYHH+oU5zm38v085vEvylKQ=
12,2,WZgkVQX4eg8T4A5Drqh2zU+lres=,DjIPGYHH+oU5zm38v085vEvylKQ=
14,1,WZgkVQX4eg8T4A5Drqh2zU+lres=,DjIPGYHH+oU5zm38v085vEvylKQ=
11,2,WZgkVQX4eg8T4A5Drqh2zU+lres=,rMwddKmoo0/OppbwqxfbqvGAFLo=
12,1,WZgkVQX4eg8T4A5Drqh2zU+lres=,DjIPGYHH+oU5zm38v085vEvylKQ=
13,1,WZgkVQX4eg8T4A5Drqh2zU+lres=,DjIPGYHH+oU5zm38v085vEvylKQ=
11,1,WZgkVQX4eg8T4A5Drqh2zU+lres=,rMwddKmoo0/OppbwqxfbqvGAFLo=
14,3,WZgkVQX4eg8T4A5Drqh2zU+lres=,DjIPGYHH+oU5zm38v085vEvylKQ=
13,4,WZgkVQX4eg8T4A5Drqh2zU+lres=,wN2w0viW2MNBpGjJVAKVl0M9A/s=
14,4,WZgkVQX4eg8T4A5Drqh2zU+lres=,wN2w0viW2MNBpGjJVAKVl0M9A/s=
13,5,WZgkVQX4eg8T4A5Drqh2zU+lres=,wN2w0viW2MNBpGjJVAKVl0M9A/s=
14,5,WZgkVQX4eg8T4A5Drqh2zU+lres=,wN2w0viW2MNBpGjJVAKVl0M9A/s=
13,6,WZgkVQX4eg8T4A5Drqh2zU+lres=,wN2w0viW2MNBpGjJVAKVl0M9A/s=
14,6,WZgkVQX4eg8T4A5Drqh2zU+lres=,wN2w0viW2MNBpGjJVAKVl0M9A/s=
13,3,WZgkVQX4eg8T4A5Drqh2zU+lres=,DjIPGYHH+oU5zm38v085vEvylKQ=
12,3,hDSeOs0YtAmFQW4KaK0l6Pz3pc8=,DjIPGYHH+oU5zm38v085vEvylKQ=
12,6,hDSeOs0YtAmFQW4KaK0l6Pz3pc8=,wN2w0viW2MNBpGjJVAKVl0M9A/s=
12,5,hDSeOs0YtAmFQW4KaK0l6Pz3pc8=,wN2w0viW2MNBpGjJVAKVl0M9A/s=
12,4,hDSeOs0YtAmFQW4KaK0l6Pz3pc8=,wN2w0viW2MNBpGjJVAKVl0M9A/s=
11,6,hDSeOs0YtAmFQW4KaK0l6Pz3pc8=,oLlIy3ZTP/otlflBMNrahoZ0eb4=
11,5,hDSeOs0YtAmFQW4KaK0l6Pz3pc8=,oLlIy3ZTP/otlflBMNrahoZ0eb4=
10,5,hDSeOs0YtAmFQW4KaK0l6Pz3pc8=,oLlIy3ZTP/otlflBMNrahoZ0eb4=
9,5,hDSeOs0YtAmFQW4KaK0l6Pz3pc8=,oLlIy3ZTP/otlflBMNrahoZ0eb4=
10,6,hDSeOs0YtAmFQW4KaK0l6Pz3pc8=,oLlIy3ZTP/otlflBMNrahoZ0eb4=
11,3,hDSeOs0YtAmFQW4KaK0l6Pz3pc8=,rMwddKmoo0/OppbwqxfbqvGAFLo=
7,6,hDSeOs0YtAmFQW4KaK0l6Pz3pc8=,mdoLuLe7Y/cAtQuOJKObXjEEV6k=
11,4,hDSeOs0YtAmFQW4KaK0l6Pz3pc8=,oLlIy3ZTP/otlflBMNrahoZ0eb4=
8,5,hDSeOs0YtAmFQW4KaK0l6Pz3pc8=,oLlIy3ZTP/otlflBMNrahoZ0eb4=
10,3,hDSeOs0YtAmFQW4KaK0l6Pz3pc8=,rMwddKmoo0/OppbwqxfbqvGAFLo=
10,4,hDSeOs0YtAmFQW4KaK0l6Pz3pc8=,oLlIy3ZTP/otlflBMNrahoZ0eb4=
9,4,hDSeOs0YtAmFQW4KaK0l6Pz3pc8=,oLlIy3ZTP/otlflBMNrahoZ0eb4=
7,5,hDSeOs0YtAmFQW4KaK0l6Pz3pc8=,mdoLuLe7Y/cAtQuOJKObXjEEV6k=
9,3,hDSeOs0YtAmFQW4KaK0l6Pz3pc8=,rMwddKmoo0/OppbwqxfbqvGAFLo=
9,6,hDSeOs0YtAmFQW4KaK0l6Pz3pc8=,oLlIy3ZTP/otlflBMNrahoZ0eb4=
8,6,hDSeOs0YtAmFQW4KaK0l6Pz3pc8=,oLlIy3ZTP/otlflBMNrahoZ0eb4=
5,4,hDSeOs0YtAmFQW4KaK0l6Pz3pc8=,mdoLuLe7Y/cAtQuOJKObXjEEV6k=
6,4,hDSeOs0YtAmFQW4KaK0l6Pz3pc8=,mdoLuLe7Y/cAtQuOJKObXjEEV6k=
6,8,hDSeOs0YtAmFQW4KaK0l6Pz3pc8=,BVH+JQVg4QSjZ/x9lpbuyAWYJsA=
5,9,hDSeOs0YtAmFQW4KaK0l6Pz3pc8=,BVH+JQVg4QSjZ/x9lpbuyAWYJsA=
5,10,hDSeOs0YtAmFQW4KaK0l6Pz3pc8=,BVH+JQVg4QSjZ/x9lpbuyAWYJsA=
6,9,hDSeOs0YtAmFQW4KaK0l6Pz3pc8=,BVH+JQVg4QSjZ/x9lpbuyAWYJsA=
6,10,hDSeOs0YtAmFQW4KaK0l6Pz3pc8=,BVH+JQVg4QSjZ/x9lpbuyAWYJsA=
5,7,hDSeOs0YtAmFQW4KaK0l6Pz3pc8=,mdoLuLe7Y/cAtQuOJKObXjEEV6k=
6,7,hDSeOs0YtAmFQW4KaK0l6Pz3pc8=,mdoLuLe7Y/cAtQuOJKObXjEEV6k=
5,8,hDSeOs0YtAmFQW4KaK0l6Pz3pc8=,BVH+JQVg4QSjZ/x9lpbuyAWYJsA=
8,1,hDSeOs0YtAmFQW4KaK0l6Pz3pc8=,rMwddKmoo0/OppbwqxfbqvGAFLo=
7,3,hDSeOs0YtAmFQW4KaK0l6Pz3pc8=,+X7f5ia1f57jbd4pmJVgg9/SwZA=
5,3,hDSeOs0YtAmFQW4KaK0l6Pz3pc8=,+X7f5ia1f57jbd4pmJVgg9/SwZA=
7,4,hDSeOs0YtAmFQW4KaK0l6Pz3pc8=,mdoLuLe7Y/cAtQuOJKObXjEEV6k=
7,2,hDSeOs0YtAmFQW4KaK0l6Pz3pc8=,+X7f5ia1f57jbd4pmJVgg9/SwZA=
6,3,hDSeOs0YtAmFQW4KaK0l6Pz3pc8=,+X7f5ia1f57jbd4pmJVgg9/SwZA=
5,2,hDSeOs0YtAmFQW4KaK0l6Pz3pc8=,+X7f5ia1f57jbd4pmJVgg9/SwZA=
6,2,hDSeOs0YtAmFQW4KaK0l6Pz3pc8=,+X7f5ia1f57jbd4pmJVgg9/SwZA=
7,1,hDSeOs0YtAmFQW4KaK0l6Pz3pc8=,+X7f5ia1f57jbd4pmJVgg9/SwZA=
8,2,hDSeOs0YtAmFQW4KaK0l6Pz3pc8=,rMwddKmoo0/OppbwqxfbqvGAFLo=
5,1,hDSeOs0YtAmFQW4KaK0l6Pz3pc8=,+X7f5ia1f57jbd4pmJVgg9/SwZA=
8,3,hDSeOs0YtAmFQW4KaK0l6Pz3pc8=,rMwddKmoo0/OppbwqxfbqvGAFLo=
8,4,hDSeOs0YtAmFQW4KaK0l6Pz3pc8=,oLlIy3ZTP/otlflBMNrahoZ0eb4=
6,1,hDSeOs0YtAmFQW4KaK0l6Pz3pc8=,+X7f5ia1f57jbd4pmJVgg9/SwZA=
10,7,hDSeOs0YtAmFQW4KaK0l6Pz3pc8=,oLlIy3ZTP/otlflBMNrahoZ0eb4=
7,7,hDSeOs0YtAmFQW4KaK0l6Pz3pc8=,mdoLuLe7Y/cAtQuOJKObXjEEV6k=
10,9,hDSeOs0YtAmFQW4KaK0l6Pz3pc8=,f3mXwTMantNNm9XNwmImUlQ3Cfw=
9,10,hDSeOs0YtAmFQW4KaK0l6Pz3pc8=,f3mXwTMantNNm9XNwmImUlQ3Cfw=
8,9,hDSeOs0YtAmFQW4KaK0l6Pz3pc8=,f3mXwTMantNNm9XNwmImUlQ3Cfw=
8,10,hDSeOs0YtAmFQW4KaK0l6Pz3pc8=,f3mXwTMantNNm9XNwmImUlQ3Cfw=
9,9,hDSeOs0YtAmFQW4KaK0l6Pz3pc8=,f3mXwTMantNNm9XNwmImUlQ3Cfw=
7,9,hDSeOs0YtAmFQW4KaK0l6Pz3pc8=,BVH+JQVg4QSjZ/x9lpbuyAWYJsA=
10,10,hDSeOs0YtAmFQW4KaK0l6Pz3pc8=,f3mXwTMantNNm9XNwmImUlQ3Cfw=
10,8,hDSeOs0YtAmFQW4KaK0l6Pz3pc8=,f3mXwTMantNNm9XNwmImUlQ3Cfw=
7,10,hDSeOs0YtAmFQW4KaK0l6Pz3pc8=,BVH+JQVg4QSjZ/x9lpbuyAWYJsA=
8,8,hDSeOs0YtAmFQW4KaK0l6Pz3pc8=,f3mXwTMantNNm9XNwmImUlQ3Cfw=
7,8,hDSeOs0YtAmFQW4KaK0l6Pz3pc8=,BVH+JQVg4QSjZ/x9lpbuyAWYJsA=
8,7,hDSeOs0YtAmFQW4KaK0l6Pz3pc8=,oLlIy3ZTP/otlflBMNrahoZ0eb4=
9,8,hDSeOs0YtAmFQW4KaK0l6Pz3pc8=,f3mXwTMantNNm9XNwmImUlQ3Cfw=
5,11,hDSeOs0YtAmFQW4KaK0l6Pz3pc8=,BVH+JQVg4QSjZ/x9lpbuyAWYJsA=
6,11,hDSeOs0YtAmFQW4KaK0l6Pz3pc8=,BVH+JQVg4QSjZ/x9lpbuyAWYJsA=
9,7,hDSeOs0YtAmFQW4KaK0l6Pz3pc8=,oLlIy3ZTP/otlflBMNrahoZ0eb4=
15,6,hDSeOs0YtAmFQW4KaK0l6Pz3pc8=,wN2w0viW2MNBpGjJVAKVl0M9A/s=
15,5,hDSeOs0YtAmFQW4KaK0l6Pz3pc8=,wN2w0viW2MNBpGjJVAKVl0M9A/s=
15,3,hDSeOs0YtAmFQW4KaK0l6Pz3pc8=,DjIPGYHH+oU5zm38v085vEvylKQ=
15,2,hDSeOs0YtAmFQW4KaK0l6Pz3pc8=,DjIPGYHH+oU5zm38v085vEvylKQ=
15,1,hDSeOs0YtAmFQW4KaK0l6Pz3pc8=,DjIPGYHH+oU5zm38v085vEvylKQ=
15,4,hDSeOs0YtAmFQW4KaK0l6Pz3pc8=,wN2w0viW2MNBpGjJVAKVl0M9A/s=
8,11,hDSeOs0YtAmFQW4KaK0l6Pz3pc8=,f3mXwTMantNNm9XNwmImUlQ3Cfw=
9,11,hDSeOs0YtAmFQW4KaK0l6Pz3pc8=,f3mXwTMantNNm9XNwmImUlQ3Cfw=
7,11,hDSeOs0YtAmFQW4KaK0l6Pz3pc8=,BVH+JQVg4QSjZ/x9lpbuyAWYJsA=
10,13,hDSeOs0YtAmFQW4KaK0l6Pz3pc8=,UulShFCrxKjl3EG2EUJT9q0Z4mQ=
10,12,hDSeOs0YtAmFQW4KaK0l6Pz3pc8=,UulShFCrxKjl3EG2EUJT9q0Z4mQ=
10,14,hDSeOs0YtAmFQW4KaK0l6Pz3pc8=,UulShFCrxKjl3EG2EUJT9q0Z4mQ=
10,15,hDSeOs0YtAmFQW4KaK0l6Pz3pc8=,UulShFCrxKjl3EG2EUJT9q0Z4mQ=
9,14,hDSeOs0YtAmFQW4KaK0l6Pz3pc8=,UulShFCrxKjl3EG2EUJT9q0Z4mQ=
9,15,hDSeOs0YtAmFQW4KaK0l6Pz3pc8=,UulShFCrxKjl3EG2EUJT9q0Z4mQ=
8,15,hDSeOs0YtAmFQW4KaK0l6Pz3pc8=,UulShFCrxKjl3EG2EUJT9q0Z4mQ=
9,12,hDSeOs0YtAmFQW4KaK0l6Pz3pc8=,UulShFCrxKjl3EG2EUJT9q0Z4mQ=
8,12,hDSeOs0YtAmFQW4KaK0l6Pz3pc8=,UulShFCrxKjl3EG2EUJT9q0Z4mQ=
9,13,hDSeOs0YtAmFQW4KaK0l6Pz3pc8=,UulShFCrxKjl3EG2EUJT9q0Z4mQ=
8,13,hDSeOs0YtAmFQW4KaK0l6Pz3pc8=,UulShFCrxKjl3EG2EUJT9q0Z4mQ=
8,14,hDSeOs0YtAmFQW4KaK0l6Pz3pc8=,UulShFCrxKjl3EG2EUJT9q0Z4mQ=
10,11,hDSeOs0YtAmFQW4KaK0l6Pz3pc8=,f3mXwTMantNNm9XNwmImUlQ3Cfw=
1,6,hDSeOs0YtAmFQW4KaK0l6Pz3pc8=,arMDpi9FJc/EsTHIce1Vsnvn5vI=
2,5,hDSeOs0YtAmFQW4KaK0l6Pz3pc8=,arMDpi9FJc/EsTHIce1Vsnvn5vI=
4,5,hDSeOs0YtAmFQW4KaK0l6Pz3pc8=,mdoLuLe7Y/cAtQuOJKObXjEEV6k=
3,6,hDSeOs0YtAmFQW4KaK0l6Pz3pc8=,arMDpi9FJc/EsTHIce1Vsnvn5vI=
4,6,hDSeOs0YtAmFQW4KaK0l6Pz3pc8=,mdoLuLe7Y/cAtQuOJKObXjEEV6k=
3,5,hDSeOs0YtAmFQW4KaK0l6Pz3pc8=,arMDpi9FJc/EsTHIce1Vsnvn5vI=
2,6,hDSeOs0YtAmFQW4KaK0l6Pz3pc8=,arMDpi9FJc/EsTHIce1Vsnvn5vI=
1,5,hDSeOs0YtAmFQW4KaK0l6Pz3pc8=,arMDpi9FJc/EsTHIce1Vsnvn5vI=
4,10,hDSeOs0YtAmFQW4KaK0l6Pz3pc8=,BVH+JQVg4QSjZ/x9lpbuyAWYJsA=
2,7,hDSeOs0YtAmFQW4KaK0l6Pz3pc8=,arMDpi9FJc/EsTHIce1Vsnvn5vI=
4,9,hDSeOs0YtAmFQW4KaK0l6Pz3pc8=,BVH+JQVg4QSjZ/x9lpbuyAWYJsA=
4,7,hDSeOs0YtAmFQW4KaK0l6Pz3pc8=,mdoLuLe7Y/cAtQuOJKObXjEEV6k=
3,7,hDSeOs0YtAmFQW4KaK0l6Pz3pc8=,arMDpi9FJc/EsTHIce1Vsnvn5vI=
1,7,hDSeOs0YtAmFQW4KaK0l6Pz3pc8=,arMDpi9FJc/EsTHIce1Vsnvn5vI=
4,8,hDSeOs0YtAmFQW4KaK0l6Pz3pc8=,BVH+JQVg4QSjZ/x9lpbuyAWYJsA=
15,15,hDSeOs0YtAmFQW4KaK0l6Pz3pc8=,A7AIqdXg+O/s1DlUVF+ujqN1LpA=
11,13,hDSeOs0YtAmFQW4KaK0l6Pz3pc8=,UulShFCrxKjl3EG2EUJT9q0Z4mQ=
11,14,hDSeOs0YtAmFQW4KaK0l6Pz3pc8=,UulShFCrxKjl3EG2EUJT9q0Z4mQ=
11,15,hDSeOs0YtAmFQW4KaK0l6Pz3pc8=,UulShFCrxKjl3EG2EUJT9q0Z4mQ=
12,13,hDSeOs0YtAmFQW4KaK0l6Pz3pc8=,A7AIqdXg+O/s1DlUVF+ujqN1LpA=
14,13,hDSeOs0YtAmFQW4KaK0l6Pz3pc8=,A7AIqdXg+O/s1DlUVF+ujqN1LpA=
13,13,hDSeOs0YtAmFQW4KaK0l6Pz3pc8=,A7AIqdXg+O/s1DlUVF+ujqN1LpA=
12,14,hDSeOs0YtAmFQW4KaK0l6Pz3pc8=,A7AIqdXg+O/s1DlUVF+ujqN1LpA=
14,14,hDSeOs0YtAmFQW4KaK0l6Pz3pc8=,A7AIqdXg+O/s1DlUVF+ujqN1LpA=
15,13,hDSeOs0YtAmFQW4KaK0l6Pz3pc8=,A7AIqdXg+O/s1DlUVF+ujqN1LpA=
15,14,hDSeOs0YtAmFQW4KaK0l6Pz3pc8=,A7AIqdXg+O/s1DlUVF+ujqN1LpA=
12,15,hDSeOs0YtAmFQW4KaK0l6Pz3pc8=,A7AIqdXg+O/s1DlUVF+ujqN1LpA=
13,14,hDSeOs0YtAmFQW4KaK0l6Pz3pc8=,A7AIqdXg+O/s1DlUVF+ujqN1LpA=
13,15,hDSeOs0YtAmFQW4KaK0l6Pz3pc8=,A7AIqdXg+O/s1DlUVF+ujqN1LpA=
14,15,hDSeOs0YtAmFQW4KaK0l6Pz3pc8=,A7AIqdXg+O/s1DlUVF+ujqN1LpA=
0,6,hDSeOs0YtAmFQW4KaK0l6Pz3pc8=,arMDpi9FJc/EsTHIce1Vsnvn5vI=
0,5,hDSeOs0YtAmFQW4KaK0l6Pz3pc8=,arMDpi9FJc/EsTHIce1Vsnvn5vI=
5,0,hDSeOs0YtAmFQW4KaK0l6Pz3pc8=,+X7f5ia1f57jbd4pmJVgg9/SwZA=
6,0,hDSeOs0YtAmFQW4KaK0l6Pz3pc8=,+X7f5ia1f57jbd4pmJVgg9/SwZA=
8,0,hDSeOs0YtAmFQW4KaK0l6Pz3pc8=,rMwddKmoo0/OppbwqxfbqvGAFLo=
9,0,hDSeOs0YtAmFQW4KaK0l6Pz3pc8=,rMwddKmoo0/OppbwqxfbqvGAFLo=
10,0,hDSeOs0YtAmFQW4KaK0l6Pz3pc8=,rMwddKmoo0/OppbwqxfbqvGAFLo=
7,0,hDSeOs0YtAmFQW4KaK0l6Pz3pc8=,+X7f5ia1f57jbd4pmJVgg9/SwZA=
14,0,hDSeOs0YtAmFQW4KaK0l6Pz3pc8=,DjIPGYHH+oU5zm38v085vEvylKQ=
13,0,hDSeOs0YtAmFQW4KaK0l6Pz3pc8=,DjIPGYHH+oU5zm38v085vEvylKQ=
12,0,hDSeOs0YtAmFQW4KaK0l6Pz3pc8=,DjIPGYHH+oU5zm38v085vEvylKQ=
15,0,hDSeOs0YtAmFQW4KaK0l6Pz3pc8=,DjIPGYHH+oU5zm38v085vEvylKQ=
4,11,hDSeOs0YtAmFQW4KaK0l6Pz3pc8=,BVH+JQVg4QSjZ/x9lpbuyAWYJsA=
0,7,hDSeOs0YtAmFQW4KaK0l6Pz3pc8=,arMDpi9FJc/EsTHIce1Vsnvn5vI=
11,0,hDSeOs0YtAmFQW4KaK0l6Pz3pc8=,rMwddKmoo0/OppbwqxfbqvGAFLo=
15,7,hDSeOs0YtAmFQW4KaK0l6Pz3pc8=,wN2w0viW2MNBpGjJVAKVl0M9A/s=
14,7,hDSeOs0YtAmFQW4KaK0l6Pz3pc8=,wN2w0viW2MNBpGjJVAKVl0M9A/s=
11,12,hDSeOs0YtAmFQW4KaK0l6Pz3pc8=,UulShFCrxKjl3EG2EUJT9q0Z4mQ=
11,8,hDSeOs0YtAmFQW4KaK0l6Pz3pc8=,f3mXwTMantNNm9XNwmImUlQ3Cfw=
11,7,hDSeOs0YtAmFQW4KaK0l6Pz3pc8=,oLlIy3ZTP/otlflBMNrahoZ0eb4=
14,12,hDSeOs0YtAmFQW4KaK0l6Pz3pc8=,A7AIqdXg+O/s1DlUVF+ujqN1LpA=
13,12,hDSeOs0YtAmFQW4KaK0l6Pz3pc8=,A7AIqdXg+O/s1DlUVF+ujqN1LpA=
11,11,hDSeOs0YtAmFQW4KaK0l6Pz3pc8=,f3mXwTMantNNm9XNwmImUlQ3Cfw=
11,10,hDSeOs0YtAmFQW4KaK0l6Pz3pc8=,f3mXwTMantNNm9XNwmImUlQ3Cfw=
12,12,hDSeOs0YtAmFQW4KaK0l6Pz3pc8=,A7AIqdXg+O/s1DlUVF+ujqN1LpA=
15,12,hDSeOs0YtAmFQW4KaK0l6Pz3pc8=,A7AIqdXg+O/s1DlUVF+ujqN1LpA=
11,9,hDSeOs0YtAmFQW4KaK0l6Pz3pc8=,f3mXwTMantNNm9XNwmImUlQ3Cfw=
15,8,hDSeOs0YtAmFQW4KaK0l6Pz3pc8=,/FlskHeTqgWMroyUY1IKOxzXXLI=
14,8,hDSeOs0YtAmFQW4KaK0l6Pz3pc8=,/FlskHeTqgWMroyUY1IKOxzXXLI=
12,8,hDSeOs0YtAmFQW4KaK0l6Pz3pc8=,/FlskHeTqgWMroyUY1IKOxzXXLI=
15,9,hDSeOs0YtAmFQW4KaK0l6Pz3pc8=,/FlskHeTqgWMroyUY1IKOxzXXLI=
12,9,hDSeOs0YtAmFQW4KaK0l6Pz3pc8=,/FlskHeTqgWMroyUY1IKOxzXXLI=
14,9,hDSeOs0YtAmFQW4KaK0l6Pz3pc8=,/FlskHeTqgWMroyUY1IKOxzXXLI=
12,10,hDSeOs0YtAmFQW4KaK0l6Pz3pc8=,/FlskHeTqgWMroyUY1IKOxzXXLI=
13,8,hDSeOs0YtAmFQW4KaK0l6Pz3pc8=,/FlskHeTqgWMroyUY1IKOxzXXLI=
14,10,hDSeOs0YtAmFQW4KaK0l6Pz3pc8=,/FlskHeTqgWMroyUY1IKOxzXXLI=
15,10,hDSeOs0YtAmFQW4KaK0l6Pz3pc8=,/FlskHeTqgWMroyUY1IKOxzXXLI=
12,11,hDSeOs0YtAmFQW4KaK0l6Pz3pc8=,/FlskHeTqgWMroyUY1IKOxzXXLI=
13,11,hDSeOs0YtAmFQW4KaK0l6Pz3pc8=,/FlskHeTqgWMroyUY1IKOxzXXLI=
13,9,hDSeOs0YtAmFQW4KaK0l6Pz3pc8=,/FlskHeTqgWMroyUY1IKOxzXXLI=
14,11,hDSeOs0YtAmFQW4KaK0l6Pz3pc8=,/FlskHeTqgWMroyUY1IKOxzXXLI=
13,10,hDSeOs0YtAmFQW4KaK0l6Pz3pc8=,/FlskHeTqgWMroyUY1IKOxzXXLI=
15,11,hDSeOs0YtAmFQW4KaK0l6Pz3pc8=,/FlskHeTqgWMroyUY1IKOxzXXLI=
13,7,hDSeOs0YtAmFQW4KaK0l6Pz3pc8=,wN2w0viW2MNBpGjJVAKVl0M9A/s=
12,7,hDSeOs0YtAmFQW4KaK0l6Pz3pc8=,wN2w0viW2MNBpGjJVAKVl0M9A/s=
3,4,hDSeOs0YtAmFQW4KaK0l6Pz3pc8=,arMDpi9FJc/EsTHIce1Vsnvn5vI=
0,0,hDSeOs0YtAmFQW4KaK0l6Pz3pc8=,A9Te9oRsjza/WzQO+0OsetRN5yc=
3,3,hDSeOs0YtAmFQW4KaK0l6Pz3pc8=,A9Te9oRsjza/WzQO+0OsetRN5yc=
4,3,hDSeOs0YtAmFQW4KaK0l6Pz3pc8=,+X7f5ia1f57jbd4pmJVgg9/SwZA=
3,2,hDSeOs0YtAmFQW4KaK0l6Pz3pc8=,A9Te9oRsjza/WzQO+0OsetRN5yc=
0,1,hDSeOs0YtAmFQW4KaK0l6Pz3pc8=,A9Te9oRsjza/WzQO+0OsetRN5yc=
4,2,hDSeOs0YtAmFQW4KaK0l6Pz3pc8=,+X7f5ia1f57jbd4pmJVgg9/SwZA=
3,0,hDSeOs0YtAmFQW4KaK0l6Pz3pc8=,A9Te9oRsjza/WzQO+0OsetRN5yc=
1,2,hDSeOs0YtAmFQW4KaK0l6Pz3pc8=,A9Te9oRsjza/WzQO+0OsetRN5yc=
1,4,hDSeOs0YtAmFQW4KaK0l6Pz3pc8=,arMDpi9FJc/EsTHIce1Vsnvn5vI=
4,1,hDSeOs0YtAmFQW4KaK0l6Pz3pc8=,+X7f5ia1f57jbd4pmJVgg9/SwZA=
2,3,hDSeOs0YtAmFQW4KaK0l6Pz3pc8=,A9Te9oRsjza/WzQO+0OsetRN5yc=
1,3,hDSeOs0YtAmFQW4KaK0l6Pz3pc8=,A9Te9oRsjza/WzQO+0OsetRN5yc=
0,4,hDSeOs0YtAmFQW4KaK0l6Pz3pc8=,arMDpi9FJc/EsTHIce1Vsnvn5vI=
4,0,hDSeOs0YtAmFQW4KaK0l6Pz3pc8=,+X7f5ia1f57jbd4pmJVgg9/SwZA=
0,2,hDSeOs0YtAmFQW4KaK0l6Pz3pc8=,A9Te9oRsjza/WzQO+0OsetRN5yc=
2,4,hDSeOs0YtAmFQW4KaK0l6Pz3pc8=,arMDpi9FJc/EsTHIce1Vsnvn5vI=
4,4,hDSeOs0YtAmFQW4KaK0l6Pz3pc8=,mdoLuLe7Y/cAtQuOJKObXjEEV6k=
0,3,hDSeOs0YtAmFQW4KaK0l6Pz3pc8=,A9Te9oRsjza/WzQO+0OsetRN5yc=
3,1,hDSeOs0YtAmFQW4KaK0l6Pz3pc8=,A9Te9oRsjza/WzQO+0OsetRN5yc=
1,1,hDSeOs0YtAmFQW4KaK0l6Pz3pc8=,A9Te9oRsjza/WzQO+0OsetRN5yc=
2,1,hDSeOs0YtAmFQW4KaK0l6Pz3pc8=,A9Te9oRsjza/WzQO+0OsetRN5yc=
2,0,hDSeOs0YtAmFQW4KaK0l6Pz3pc8=,A9Te9oRsjza/WzQO+0OsetRN5yc=
1,0,hDSeOs0YtAmFQW4KaK0l6Pz3pc8=,A9Te9oRsjza/WzQO+0OsetRN5yc=
2,2,hDSeOs0YtAmFQW4KaK0l6Pz3pc8=,A9Te9oRsjza/WzQO+0OsetRN5yc=
9,21,ytXADeXQ6lC06zYmOtIpcRFjzc4=,OnH4KQsdHdFibafhl/lWNbgXG5Q=
10,21,ytXADeXQ6lC06zYmOtIpcRFjzc4=,OnH4KQsdHdFibafhl/lWNbgXG5Q=
9,22,ytXADeXQ6lC06zYmOtIpcRFjzc4=,OnH4KQsdHdFibafhl/lWNbgXG5Q=
10,22,ytXADeXQ6lC06zYmOtIpcRFjzc4=,OnH4KQsdHdFibafhl/lWNbgXG5Q=
10,17,MrlFxBzlB8eJ76Bi5pcs/BME2Co=,Z01Mn3OkQvNaO3HrVnLiHAjz3a0=
9,20,MrlFxBzlB8eJ76Bi5pcs/BME2Co=,OnH4KQsdHdFibafhl/lWNbgXG5Q=
9,19,MrlFxBzlB8eJ76Bi5pcs/BME2Co=,Z01Mn3OkQvNaO3HrVnLiHAjz3a0=
10,18,MrlFxBzlB8eJ76Bi5pcs/BME2Co=,Z01Mn3OkQvNaO3HrVnLiHAjz3a0=
9,17,MrlFxBzlB8eJ76Bi5pcs/BME2Co=,Z01Mn3OkQvNaO3HrVnLiHAjz3a0=
10,19,MrlFxBzlB8eJ76Bi5pcs/BME2Co=,Z01Mn3OkQvNaO3HrVnLiHAjz3a0=
10,20,MrlFxBzlB8eJ76Bi5pcs/BME2Co=,OnH4KQsdHdFibafhl/lWNbgXG5Q=
9,18,MrlFxBzlB8eJ76Bi5pcs/BME2Co=,Z01Mn3OkQvNaO3HrVnLiHAjz3a0=
9,23,MrlFxBzlB8eJ76Bi5pcs/BME2Co=,OnH4KQsdHdFibafhl/lWNbgXG5Q=
10,23,MrlFxBzlB8eJ76Bi5pcs/BME2Co=,OnH4KQsdHdFibafhl/lWNbgXG5Q=
10,16,MrlFxBzlB8eJ76Bi5pcs/BME2Co=,Z01Mn3OkQvNaO3HrVnLiHAjz3a0=
9,16,MrlFxBzlB8eJ76Bi5pcs/BME2Co=,Z01Mn3OkQvNaO3HrVnLiHAjz3a0=
8,18,MrlFxBzlB8eJ76Bi5pcs/BME2Co=,Z01Mn3OkQvNaO3HrVnLiHAjz3a0=
8,17,MrlFxBzlB8eJ76Bi5pcs/BME2Co=,Z01Mn3OkQvNaO3HrVnLiHAjz3a0=
8,21,MrlFxBzlB8eJ76Bi5pcs/BME2Co=,OnH4KQsdHdFibafhl/lWNbgXG5Q=
8,22,MrlFxBzlB8eJ76Bi5pcs/BME2Co=,OnH4KQsdHdFibafhl/lWNbgXG5Q=
8,19,MrlFxBzlB8eJ76Bi5pcs/BME2Co=,Z01Mn3OkQvNaO3HrVnLiHAjz3a0=
8,20,MrlFxBzlB8eJ76Bi5pcs/BME2Co=,OnH4KQsdHdFibafhl/lWNbgXG5Q=
8,16,MrlFxBzlB8eJ76Bi5pcs/BME2Co=,Z01Mn3OkQvNaO3HrVnLiHAjz3a0=
8,23,MrlFxBzlB8eJ76Bi5pcs/BME2Co=,OnH4KQsdHdFibafhl/lWNbgXG5Q=
15,26,MrlFxBzlB8eJ76Bi5pcs/BME2Co=,/Rnw4eYUpVv6XL3rlCIFWw4rdao=
12,27,MrlFxBzlB8eJ76Bi5pcs/BME2Co=,/Rnw4eYUpVv6XL3rlCIFWw4rdao=
13,27,MrlFxBzlB8eJ76Bi5pcs/BME2Co=,/Rnw4eYUpVv6XL3rlCIFWw4rdao=
14,27,MrlFxBzlB8eJ76Bi5pcs/BME2Co=,/Rnw4eYUpVv6XL3rlCIFWw4rdao=
12,25,MrlFxBzlB8eJ76Bi5pcs/BME2Co=,/Rnw4eYUpVv6XL3rlCIFWw4rdao=
15,27,MrlFxBzlB8eJ76Bi5pcs/BME2Co=,/Rnw4eYUpVv6XL3rlCIFWw4rdao=
14,26,MrlFxBzlB8eJ76Bi5pcs/BME2Co=,/Rnw4eYUpVv6XL3rlCIFWw4rdao=
13,26,MrlFxBzlB8eJ76Bi5pcs/BME2Co=,/Rnw4eYUpVv6XL3rlCIFWw4rdao=
12,26,MrlFxBzlB8eJ76Bi5pcs/BME2Co=,/Rnw4eYUpVv6XL3rlCIFWw4rdao=
15,25,MrlFxBzlB8eJ76Bi5pcs/BME2Co=,/Rnw4eYUpVv6XL3rlCIFWw4rdao=
14,25,MrlFxBzlB8eJ76Bi5pcs/BME2Co=,/Rnw4eYUpVv6XL3rlCIFWw4rdao=
13,25,MrlFxBzlB8eJ76Bi5pcs/BME2Co=,/Rnw4eYUpVv6XL3rlCIFWw4rdao=
15,16,MrlFxBzlB8eJ76Bi5pcs/BME2Co=,L2Fhdl5zzAzzFP9dvRg7nRwqtNg=
14,16,MrlFxBzlB8eJ76Bi5pcs/BME2Co=,L2Fhdl5zzAzzFP9dvRg7nRwqtNg=
13,16,MrlFxBzlB8eJ76Bi5pcs/BME2Co=,L2Fhdl5zzAzzFP9dvRg7nRwqtNg=
12,18,MrlFxBzlB8eJ76Bi5pcs/BME2Co=,L2Fhdl5zzAzzFP9dvRg7nRwqtNg=
11,16,MrlFxBzlB8eJ76Bi5pcs/BME2Co=,Z01Mn3OkQvNaO3HrVnLiHAjz3a0=
12,16,MrlFxBzlB8eJ76Bi5pcs/BME2Co=,L2Fhdl5zzAzzFP9dvRg7nRwqtNg=
15,17,MrlFxBzlB8eJ76Bi5pcs/BME2Co=,L2Fhdl5zzAzzFP9dvRg7nRwqtNg=
14,17,MrlFxBzlB8eJ76Bi5pcs/BME2Co=,L2Fhdl5zzAzzFP9dvRg7nRwqtNg=
15,18,MrlFxBzlB8eJ76Bi5pcs/BME2Co=,L2Fhdl5zzAzzFP9dvRg7nRwqtNg=
11,18,MrlFxBzlB8eJ76Bi5pcs/BME2Co=,Z01Mn3OkQvNaO3HrVnLiHAjz3a0=
13,17,MrlFxBzlB8eJ76Bi5pcs/BME2Co=,L2Fhdl5zzAzzFP9dvRg7nRwqtNg=
12,17,MrlFxBzlB8eJ76Bi5pcs/BME2Co=,L2Fhdl5zzAzzFP9dvRg7nRwqtNg=
14,18,MrlFxBzlB8eJ76Bi5pcs/BME2Co=,L2Fhdl5zzAzzFP9dvRg7nRwqtNg=
13,18,MrlFxBzlB8eJ76Bi5pcs/BME2Co=,L2Fhdl5zzAzzFP9dvRg7nRwqtNg=
11,17,MrlFxBzlB8eJ76Bi5pcs/BME2Co=,Z01Mn3OkQvNaO3HrVnLiHAjz3a0=
11,22,MrlFxBzlB8eJ76Bi5pcs/BME2Co=,OnH4KQsdHdFibafhl/lWNbgXG5Q=
12,23,MrlFxBzlB8eJ76Bi5pcs/BME2Co=,7mf1qnn6P1rfnKCLAWhOV5JUdUU=
13,23,MrlFxBzlB8eJ76Bi5pcs/BME2Co=,7mf1qnn6P1rfnKCLAWhOV5JUdUU=
14,23,MrlFxBzlB8eJ76Bi5pcs/BME2Co=,7mf1qnn6P1rfnKCLAWhOV5JUdUU=
11,19,MrlFxBzlB8eJ76Bi5pcs/BME2Co=,Z01Mn3OkQvNaO3HrVnLiHAjz3a0=
15,23,MrlFxBzlB8eJ76Bi5pcs/BME2Co=,7mf1qnn6P1rfnKCLAWhOV5JUdUU=
15,21,MrlFxBzlB8eJ76Bi5pcs/BME2Co=,7mf1qnn6P1rfnKCLAWhOV5JUdUU=
12,22,MrlFxBzlB8eJ76Bi5pcs/BME2Co=,7mf1qnn6P1rfnKCLAWhOV5JUdUU=
14,21,MrlFxBzlB8eJ76Bi5pcs/BME2Co=,7mf1qnn6P1rfnKCLAWhOV5JUdUU=
14,20,MrlFxBzlB8eJ76Bi5pcs/BME2Co=,7mf1qnn6P1rfnKCLAWhOV5JUdUU=
15,22,MrlFxBzlB8eJ76Bi5pcs/BME2Co=,7mf1qnn6P1rfnKCLAWhOV5JUdUU=
13,20,MrlFxBzlB8eJ76Bi5pcs/BME2Co=,7mf1qnn6P1rfnKCLAWhOV5JUdUU=
14,22,MrlFxBzlB8eJ76Bi5pcs/BME2Co=,7mf1qnn6P1rfnKCLAWhOV5JUdUU=
15,19,MrlFxBzlB8eJ76Bi5pcs/BME2Co=,L2Fhdl5zzAzzFP9dvRg7nRwqtNg=
13,22,MrlFxBzlB8eJ76Bi5pcs/BME2Co=,7mf1qnn6P1rfnKCLAWhOV5JUdUU=
14,19,MrlFxBzlB8eJ76Bi5pcs/BME2Co=,L2Fhdl5zzAzzFP9dvRg7nRwqtNg=
12,20,MrlFxBzlB8eJ76Bi5pcs/BME2Co=,7mf1qnn6P1rfnKCLAWhOV5JUdUU=
11,21,MrlFxBzlB8eJ76Bi5pcs/BME2Co=,OnH4KQsdHdFibafhl/lWNbgXG5Q=
13,19,MrlFxBzlB8eJ76Bi5pcs/BME2Co=,L2Fhdl5zzAzzFP9dvRg7nRwqtNg=
12,19,MrlFxBzlB8eJ76Bi5pcs/BME2Co=,L2Fhdl5zzAzzFP9dvRg7nRwqtNg=
12,24,MrlFxBzlB8eJ76Bi5pcs/BME2Co=,/Rnw4eYUpVv6XL3rlCIFWw4rdao=
11,23,MrlFxBzlB8eJ76Bi5pcs/BME2Co=,OnH4KQsdHdFibafhl/lWNbgXG5Q=
11,20,MrlFxBzlB8eJ76Bi5pcs/BME2Co=,OnH4KQsdHdFibafhl/lWNbgXG5Q=
13,21,MrlFxBzlB8eJ76Bi5pcs/BME2Co=,7mf1qnn6P1rfnKCLAWhOV5JUdUU=
13,24,MrlFxBzlB8eJ76Bi5pcs/BME2Co=,/Rnw4eYUpVv6XL3rlCIFWw4rdao=
15,24,MrlFxBzlB8eJ76Bi5pcs/BME2Co=,/Rnw4eYUpVv6XL3rlCIFWw4rdao=
12,21,MrlFxBzlB8eJ76Bi5pcs/BME2Co=,7mf1qnn6P1rfnKCLAWhOV5JUdUU=
14,24,MrlFxBzlB8eJ76Bi5pcs/BME2Co=,/Rnw4eYUpVv6XL3rlCIFWw4rdao=
15,20,MrlFxBzlB8eJ76Bi5pcs/BME2Co=,7mf1qnn6P1rfnKCLAWhOV5JUdUU=
25,21,MrlFxBzlB8eJ76Bi5pcs/BME2Co=,fThRsDMQN54KfgEPaW1KPh0meHA=
26,21,MrlFxBzlB8eJ76Bi5pcs/BME2Co=,fThRsDMQN54KfgEPaW1KPh0meHA=
25,22,MrlFxBzlB8eJ76Bi5pcs/BME2Co=,fThRsDMQN54KfgEPaW1KPh0meHA=
26,22,MrlFxBzlB8eJ76Bi5pcs/BME2Co=,fThRsDMQN54KfgEPaW1KPh0meHA=
24,21,MrlFxBzlB8eJ76Bi5pcs/BME2Co=,fThRsDMQN54KfgEPaW1KPh0meHA=
21,21,MrlFxBzlB8eJ76Bi5pcs/BME2Co=,c1+Qq/AWfOk3j6P5gF//UbyxOFc=
22,21,MrlFxBzlB8eJ76Bi5pcs/BME2Co=,c1+Qq/AWfOk3j6P5gF//UbyxOFc=
24,22,MrlFxBzlB8eJ76Bi5pcs/BME2Co=,fThRsDMQN54KfgEPaW1KPh0meHA=
23,21,MrlFxBzlB8eJ76Bi5pcs/BME2Co=,c1+Qq/AWfOk3j6P5gF//UbyxOFc=
21,22,MrlFxBzlB8eJ76Bi5pcs/BME2Co=,c1+Qq/AWfOk3j6P5gF//UbyxOFc=
22,22,MrlFxBzlB8eJ76Bi5pcs/BME2Co=,c1+Qq/AWfOk3j6P5gF//UbyxOFc=
23,22,MrlFxBzlB8eJ76Bi5pcs/BME2Co=,c1+Qq/AWfOk3j6P5gF//UbyxOFc=
28,21,MrlFxBzlB8eJ76Bi5pcs/BME2Co=,tMCPMPWT48Fz8zb8Pvi/qEponLw=
27,22,MrlFxBzlB8eJ76Bi5pcs/BME2Co=,fThRsDMQN54KfgEPaW1KPh0meHA=
30,22,MrlFxBzlB8eJ76Bi5pcs/BME2Co=,tMCPMPWT48Fz8zb8Pvi/qEponLw=
29,22,MrlFxBzlB8eJ76Bi5pcs/BME2Co=,tMCPMPWT48Fz8zb8Pvi/qEponLw=
28,22,MrlFxBzlB8eJ76Bi5pcs/BME2Co=,tMCPMPWT48Fz8zb8Pvi/qEponLw=
30,21,MrlFxBzlB8eJ76Bi5pcs/BME2Co=,tMCPMPWT48Fz8zb8Pvi/qEponLw=
29,21,MrlFxBzlB8eJ76Bi5pcs/BME2Co=,tMCPMPWT48Fz8zb8Pvi/qEponLw=
27,21,MrlFxBzlB8eJ76Bi5pcs/BME2Co=,fThRsDMQN54KfgEPaW1KPh0meHA=
29,19,MrlFxBzlB8eJ76Bi5pcs/BME2Co=,LYnrOBwJOhFNaVuCchmTEkLLgX0=
30,18,MrlFxBzlB8eJ76Bi5pcs/BME2Co=,LYnrOBwJOhFNaVuCchmTEkLLgX0=
29,18,MrlFxBzlB8eJ76Bi5pcs/BME2Co=,LYnrOBwJOhFNaVuCchmTEkLLgX0=
30,17,MrlFxBzlB8eJ76Bi5pcs/BME2Co=,LYnrOBwJOhFNaVuCchmTEkLLgX0=
30,19,MrlFxBzlB8eJ76Bi5pcs/BME2Co=,LYnrOBwJOhFNaVuCchmTEkLLgX0=
29,17,MrlFxBzlB8eJ76Bi5pcs/BME2Co=,LYnrOBwJOhFNaVuCchmTEkLLgX0=
30,20,MrlFxBzlB8eJ76Bi5pcs/BME2Co=,tMCPMPWT48Fz8zb8Pvi/qEponLw=
29,20,MrlFxBzlB8eJ76Bi5pcs/BME2Co=,tMCPMPWT48Fz8zb8Pvi/qEponLw=
28,19,XpDqW8ZIrNmsUYnZYox+9ATTkf0=,LYnrOBwJOhFNaVuCchmTEkLLgX0=
28,20,XpDqW8ZIrNmsUYnZYox+9ATTkf0=,tMCPMPWT48Fz8zb8Pvi/qEponLw=
27,20,XpDqW8ZIrNmsUYnZYox+9ATTkf0=,fThRsDMQN54KfgEPaW1KPh0meHA=
26,20,XpDqW8ZIrNmsUYnZYox+9ATTkf0=,fThRsDMQN54KfgEPaW1KPh0meHA=
25,20,XpDqW8ZIrNmsUYnZYox+9ATTkf0=,fThRsDMQN54KfgEPaW1KPh0meHA=
26,18,XpDqW8ZIrNmsUYnZYox+9ATTkf0=,qrcrZy4EGVWrtWwkqJYG7UVVJ1U=
27,19,XpDqW8ZIrNmsUYnZYox+9ATTkf0=,qrcrZy4EGVWrtWwkqJYG7UVVJ1U=
26,17,XpDqW8ZIrNmsUYnZYox+9ATTkf0=,qrcrZy4EGVWrtWwkqJYG7UVVJ1U=
27,18,XpDqW8ZIrNmsUYnZYox+9ATTkf0=,qrcrZy4EGVWrtWwkqJYG7UVVJ1U=
25,18,XpDqW8ZIrNmsUYnZYox+9ATTkf0=,qrcrZy4EGVWrtWwkqJYG7UVVJ1U=
27,17,XpDqW8ZIrNmsUYnZYox+9ATTkf0=,qrcrZy4EGVWrtWwkqJYG7UVVJ1U=
25,17,XpDqW8ZIrNmsUYnZYox+9ATTkf0=,qrcrZy4EGVWrtWwkqJYG7UVVJ1U=
28,18,XpDqW8ZIrNmsUYnZYox+9ATTkf0=,LYnrOBwJOhFNaVuCchmTEkLLgX0=
25,19,XpDqW8ZIrNmsUYnZYox+9ATTkf0=,qrcrZy4EGVWrtWwkqJYG7UVVJ1U=
26,19,XpDqW8ZIrNmsUYnZYox+9ATTkf0=,qrcrZy4EGVWrtWwkqJYG7UVVJ1U=
28,17,XpDqW8ZIrNmsUYnZYox+9ATTkf0=,LYnrOBwJOhFNaVuCchmTEkLLgX0=
17,21,XpDqW8ZIrNmsUYnZYox+9ATTkf0=,oKBx8TMa8y4yqo6fumwxPKRbDcU=
18,21,XpDqW8ZIrNmsUYnZYox+9ATTkf0=,oKBx8TMa8y4yqo6fumwxPKRbDcU=
19,21,XpDqW8ZIrNmsUYnZYox+9ATTkf0=,oKBx8TMa8y4yqo6fumwxPKRbDcU=
17,22,XpDqW8ZIrNmsUYnZYox+9ATTkf0=,oKBx8TMa8y4yqo6fumwxPKRbDcU=
18,22,XpDqW8ZIrNmsUYnZYox+9ATTkf0=,oKBx8TMa8y4yqo6fumwxPKRbDcU=
20,21,XpDqW8ZIrNmsUYnZYox+9ATTkf0=,c1+Qq/AWfOk3j6P5gF//UbyxOFc=
20,22,XpDqW8ZIrNmsUYnZYox+9ATTkf0=,c1+Qq/AWfOk3j6P5gF//UbyxOFc=
19,22,XpDqW8ZIrNmsUYnZYox+9ATTkf0=,oKBx8TMa8y4yqo6fumwxPKRbDcU=
21,23,XpDqW8ZIrNmsUYnZYox+9ATTkf0=,c1+Qq/AWfOk3j6P5gF//UbyxOFc=
22,23,XpDqW8ZIrNmsUYnZYox+9ATTkf0=,c1+Qq/AWfOk3j6P5gF//UbyxOFc=
17,17,XpDqW8ZIrNmsUYnZYox+9ATTkf0=,Q1DGIu7QcvpcLYVIjRb+HfCxbyU=
17,19,XpDqW8ZIrNmsUYnZYox+9ATTkf0=,Q1DGIu7QcvpcLYVIjRb+HfCxbyU=
18,20,XpDqW8ZIrNmsUYnZYox+9ATTkf0=,oKBx8TMa8y4yqo6fumwxPKRbDcU=
17,18,XpDqW8ZIrNmsUYnZYox+9ATTkf0=,Q1DGIu7QcvpcLYVIjRb+HfCxbyU=
18,18,XpDqW8ZIrNmsUYnZYox+9ATTkf0=,Q1DGIu7QcvpcLYVIjRb+HfCxbyU=
18,19,XpDqW8ZIrNmsUYnZYox+9ATTkf0=,Q1DGIu7QcvpcLYVIjRb+HfCxbyU=
18,17,XpDqW8ZIrNmsUYnZYox+9ATTkf0=,Q1DGIu7QcvpcLYVIjRb+HfCxbyU=
17,20,XpDqW8ZIrNmsUYnZYox+9ATTkf0=,oKBx8TMa8y4yqo6fumwxPKRbDcU=
17,16,XpDqW8ZIrNmsUYnZYox+9ATTkf0=,Q1DGIu7QcvpcLYVIjRb+HfCxbyU=
18,16,XpDqW8ZIrNmsUYnZYox+9ATTkf0=,Q1DGIu7QcvpcLYVIjRb+HfCxbyU=
20,17,XpDqW8ZIrNmsUYnZYox+9ATTkf0=,urXKkJXR/53KvLJwBgVHA3RURb8=
19,18,XpDqW8ZIrNmsUYnZYox+9ATTkf0=,Q1DGIu7QcvpcLYVIjRb+HfCxbyU=
20,20,XpDqW8ZIrNmsUYnZYox+9ATTkf0=,c1+Qq/AWfOk3j6P5gF//UbyxOFc=
23,18,XpDqW8ZIrNmsUYnZYox+9ATTkf0=,urXKkJXR/53KvLJwBgVHA3RURb8=
24,18,XpDqW8ZIrNmsUYnZYox+9ATTkf0=,qrcrZy4EGVWrtWwkqJYG7UVVJ1U=
19,20,XpDqW8ZIrNmsUYnZYox+9ATTkf0=,oKBx8TMa8y4yqo6fumwxPKRbDcU=
25,16,XpDqW8ZIrNmsUYnZYox+9ATTkf0=,qrcrZy4EGVWrtWwkqJYG7UVVJ1U=
24,16,XpDqW8ZIrNmsUYnZYox+9ATTkf0=,qrcrZy4EGVWrtWwkqJYG7UVVJ1U=
19,16,XpDqW8ZIrNmsUYnZYox+9ATTkf0=,Q1DGIu7QcvpcLYVIjRb+HfCxbyU=
21,17,XpDqW8ZIrNmsUYnZYox+9ATTkf0=,urXKkJXR/53KvLJwBgVHA3RURb8=
22,16,XpDqW8ZIrNmsUYnZYox+9ATTkf0=,urXKkJXR/53KvLJwBgVHA3RURb8=
21,16,XpDqW8ZIrNmsUYnZYox+9ATTkf0=,urXKkJXR/53KvLJwBgVHA3RURb8=
23,16,XpDqW8ZIrNmsUYnZYox+9ATTkf0=,urXKkJXR/53KvLJwBgVHA3RURb8=
22,19,XpDqW8ZIrNmsUYnZYox+9ATTkf0=,urXKkJXR/53KvLJwBgVHA3RURb8=
22,17,XpDqW8ZIrNmsUYnZYox+9ATTkf0=,urXKkJXR/53KvLJwBgVHA3RURb8=
23,17,XpDqW8ZIrNmsUYnZYox+9ATTkf0=,urXKkJXR/53KvLJwBgVHA3RURb8=
21,20,XpDqW8ZIrNmsUYnZYox+9ATTkf0=,c1+Qq/AWfOk3j6P5gF//UbyxOFc=
26,16,XpDqW8ZIrNmsUYnZYox+9ATTkf0=,qrcrZy4EGVWrtWwkqJYG7UVVJ1U=
23,19,XpDqW8ZIrNmsUYnZYox+9ATTkf0=,urXKkJXR/53KvLJwBgVHA3RURb8=
24,20,XpDqW8ZIrNmsUYnZYox+9ATTkf0=,fThRsDMQN54KfgEPaW1KPh0meHA=
22,18,XpDqW8ZIrNmsUYnZYox+9ATTkf0=,urXKkJXR/53KvLJwBgVHA3RURb8=
24,17,XpDqW8ZIrNmsUYnZYox+9ATTkf0=,qrcrZy4EGVWrtWwkqJYG7UVVJ1U=
19,17,XpDqW8ZIrNmsUYnZYox+9ATTkf0=,Q1DGIu7QcvpcLYVIjRb+HfCxbyU=
21,18,XpDqW8ZIrNmsUYnZYox+9ATTkf0=,urXKkJXR/53KvLJwBgVHA3RURb8=
31,17,XpDqW8ZIrNmsUYnZYox+9ATTkf0=,LYnrOBwJOhFNaVuCchmTEkLLgX0=
31,18,XpDqW8ZIrNmsUYnZYox+9ATTkf0=,LYnrOBwJOhFNaVuCchmTEkLLgX0=
16,22,XpDqW8ZIrNmsUYnZYox+9ATTkf0=,oKBx8TMa8y4yqo6fumwxPKRbDcU=
16,21,XpDqW8ZIrNmsUYnZYox+9ATTkf0=,oKBx8TMa8y4yqo6fumwxPKRbDcU=
23,20,XpDqW8ZIrNmsUYnZYox+9ATTkf0=,c1+Qq/AWfOk3j6P5gF//UbyxOFc=
20,18,XpDqW8ZIrNmsUYnZYox+9ATTkf0=,urXKkJXR/53KvLJwBgVHA3RURb8=
19,19,XpDqW8ZIrNmsUYnZYox+9ATTkf0=,Q1DGIu7QcvpcLYVIjRb+HfCxbyU=
22,20,XpDqW8ZIrNmsUYnZYox+9ATTkf0=,c1+Qq/AWfOk3j6P5gF//UbyxOFc=
20,19,XpDqW8ZIrNmsUYnZYox+9ATTkf0=,urXKkJXR/53KvLJwBgVHA3RURb8=
29,23,XpDqW8ZIrNmsUYnZYox+9ATTkf0=,tMCPMPWT48Fz8zb8Pvi/qEponLw=
30,23,XpDqW8ZIrNmsUYnZYox+9ATTkf0=,tMCPMPWT48Fz8zb8Pvi/qEponLw=
16,17,XpDqW8ZIrNmsUYnZYox+9ATTkf0=,Q1DGIu7QcvpcLYVIjRb+HfCxbyU=
21,19,XpDqW8ZIrNmsUYnZYox+9ATTkf0=,urXKkJXR/53KvLJwBgVHA3RURb8=
28,16,XpDqW8ZIrNmsUYnZYox+9ATTkf0=,LYnrOBwJOhFNaVuCchmTEkLLgX0=
29,16,XpDqW8ZIrNmsUYnZYox+9ATTkf0=,LYnrOBwJOhFNaVuCchmTEkLLgX0=
30,16,XpDqW8ZIrNmsUYnZYox+9ATTkf0=,LYnrOBwJOhFNaVuCchmTEkLLgX0=
31,23,XpDqW8ZIrNmsUYnZYox+9ATTkf0=,tMCPMPWT48Fz8zb8Pvi/qEponLw=
16,20,XpDqW8ZIrNmsUYnZYox+9ATTkf0=,oKBx8TMa8y4yqo6fumwxPKRbDcU=
31,22,XpDqW8ZIrNmsUYnZYox+9ATTkf0=,tMCPMPWT48Fz8zb8Pvi/qEponLw=
16,16,XpDqW8ZIrNmsUYnZYox+9ATTkf0=,Q1DGIu7QcvpcLYVIjRb+HfCxbyU=
31,20,XpDqW8ZIrNmsUYnZYox+9ATTkf0=,tMCPMPWT48Fz8zb8Pvi/qEponLw=
31,21,XpDqW8ZIrNmsUYnZYox+9ATTkf0=,tMCPMPWT48Fz8zb8Pvi/qEponLw=
28,23,XpDqW8ZIrNmsUYnZYox+9ATTkf0=,tMCPMPWT48Fz8zb8Pvi/qEponLw=
24,23,XpDqW8ZIrNmsUYnZYox+9ATTkf0=,fThRsDMQN54KfgEPaW1KPh0meHA=
25,23,XpDqW8ZIrNmsUYnZYox+9ATTkf0=,fThRsDMQN54KfgEPaW1KPh0meHA=
26,23,XpDqW8ZIrNmsUYnZYox+9ATTkf0=,fThRsDMQN54KfgEPaW1KPh0meHA=
27,23,XpDqW8ZIrNmsUYnZYox+9ATTkf0=,fThRsDMQN54KfgEPaW1KPh0meHA=
23,23,XpDqW8ZIrNmsUYnZYox+9ATTkf0=,c1+Qq/AWfOk3j6P5gF//UbyxOFc=
31,19,XpDqW8ZIrNmsUYnZYox+9ATTkf0=,LYnrOBwJOhFNaVuCchmTEkLLgX0=
16,19,XpDqW8ZIrNmsUYnZYox+9ATTkf0=,Q1DGIu7QcvpcLYVIjRb+HfCxbyU=
24,19,XpDqW8ZIrNmsUYnZYox+9ATTkf0=,qrcrZy4EGVWrtWwkqJYG7UVVJ1U=
27,16,XpDqW8ZIrNmsUYnZYox+9ATTkf0=,qrcrZy4EGVWrtWwkqJYG7UVVJ1U=
20,16,XpDqW8ZIrNmsUYnZYox+9ATTkf0=,urXKkJXR/53KvLJwBgVHA3RURb8=
16,18,XpDqW8ZIrNmsUYnZYox+9ATTkf0=,Q1DGIu7QcvpcLYVIjRb+HfCxbyU=
19,23,XpDqW8ZIrNmsUYnZYox+9ATTkf0=,oKBx8TMa8y4yqo6fumwxPKRbDcU=
19,26,XpDqW8ZIrNmsUYnZYox+9ATTkf0=,R86aLBzFGa+FfGpIaUAnzlY4Y8A=
16,27,XpDqW8ZIrNmsUYnZYox+9ATTkf0=,R86aLBzFGa+FfGpIaUAnzlY4Y8A=
17,27,XpDqW8ZIrNmsUYnZYox+9ATTkf0=,R86aLBzFGa+FfGpIaUAnzlY4Y8A=
18,27,XpDqW8ZIrNmsUYnZYox+9ATTkf0=,R86aLBzFGa+FfGpIaUAnzlY4Y8A=
18,26,XpDqW8ZIrNmsUYnZYox+9ATTkf0=,R86aLBzFGa+FfGpIaUAnzlY4Y8A=
16,26,XpDqW8ZIrNmsUYnZYox+9ATTkf0=,R86aLBzFGa+FfGpIaUAnzlY4Y8A=
17,26,XpDqW8ZIrNmsUYnZYox+9ATTkf0=,R86aLBzFGa+FfGpIaUAnzlY4Y8A=
19,25,XpDqW8ZIrNmsUYnZYox+9ATTkf0=,R86aLBzFGa+FfGpIaUAnzlY4Y8A=
31,16,XpDqW8ZIrNmsUYnZYox+9ATTkf0=,LYnrOBwJOhFNaVuCchmTEkLLgX0=
19,27,XpDqW8ZIrNmsUYnZYox+9ATTkf0=,R86aLBzFGa+FfGpIaUAnzlY4Y8A=
16,25,XpDqW8ZIrNmsUYnZYox+9ATTkf0=,R86aLBzFGa+FfGpIaUAnzlY4Y8A=
20,23,XpDqW8ZIrNmsUYnZYox+9ATTkf0=,c1+Qq/AWfOk3j6P5gF//UbyxOFc=
18,25,XpDqW8ZIrNmsUYnZYox+9ATTkf0=,R86aLBzFGa+FfGpIaUAnzlY4Y8A=
17,25,XpDqW8ZIrNmsUYnZYox+9ATTkf0=,R86aLBzFGa+FfGpIaUAnzlY4Y8A=
18,23,XpDqW8ZIrNmsUYnZYox+9ATTkf0=,oKBx8TMa8y4yqo6fumwxPKRbDcU=
19,24,XpDqW8ZIrNmsUYnZYox+9ATTkf0=,R86aLBzFGa+FfGpIaUAnzlY4Y8A=
17,23,XpDqW8ZIrNmsUYnZYox+9ATTkf0=,oKBx8TMa8y4yqo6fumwxPKRbDcU=
16,23,XpDqW8ZIrNmsUYnZYox+9ATTkf0=,oKBx8TMa8y4yqo6fumwxPKRbDcU=
17,24,XpDqW8ZIrNmsUYnZYox+9ATTkf0=,R86aLBzFGa+FfGpIaUAnzlY4Y8A=
18,24,XpDqW8ZIrNmsUYnZYox+9ATTkf0=,R86aLBzFGa+FfGpIaUAnzlY4Y8A=
16,24,XpDqW8ZIrNmsUYnZYox+9ATTkf0=,R86aLBzFGa+FfGpIaUAnzlY4Y8A=
17,6,XpDqW8ZIrNmsUYnZYox+9ATTkf0=,YNp3DinRrkfrY33mP1d5X2ZFSSo=
18,5,XpDqW8ZIrNmsUYnZYox+9ATTkf0=,YNp3DinRrkfrY33mP1d5X2ZFSSo=
18,6,XpDqW8ZIrNmsUYnZYox+9ATTkf0=,YNp3DinRrkfrY33mP1d5X2ZFSSo=
17,5,XpDqW8ZIrNmsUYnZYox+9ATTkf0=,YNp3DinRrkfrY33mP1d5X2ZFSSo=
20,5,XpDqW8ZIrNmsUYnZYox+9ATTkf0=,YI+HBj/6LNp/gl5yF6DRYBv2/wQ=
22,6,XpDqW8ZIrNmsUYnZYox+9ATTkf0=,YI+HBj/6LNp/gl5yF6DRYBv2/wQ=
21,6,XpDqW8ZIrNmsUYnZYox+9ATTkf0=,YI+HBj/6LNp/gl5yF6DRYBv2/wQ=
20,6,XpDqW8ZIrNmsUYnZYox+9ATTkf0=,YI+HBj/6LNp/gl5yF6DRYBv2/wQ=
22,5,XpDqW8ZIrNmsUYnZYox+9ATTkf0=,YI+HBj/6LNp/gl5yF6DRYBv2/wQ=
21,5,XpDqW8ZIrNmsUYnZYox+9ATTkf0=,YI+HBj/6LNp/gl5yF6DRYBv2/wQ=
19,5,XpDqW8ZIrNmsUYnZYox+9ATTkf0=,YNp3DinRrkfrY33mP1d5X2ZFSSo=
19,6,XpDqW8ZIrNmsUYnZYox+9ATTkf0=,YNp3DinRrkfrY33mP1d5X2ZFSSo=
21,7,XpDqW8ZIrNmsUYnZYox+9ATTkf0=,YI+HBj/6LNp/gl5yF6DRYBv2/wQ=
22,7,XpDqW8ZIrNmsUYnZYox+9ATTkf0=,YI+HBj/6LNp/gl5yF6DRYBv2/wQ=
21,8,XpDqW8ZIrNmsUYnZYox+9ATTkf0=,0PueSWOm2FO5Ju4P07B1fzDcFD8=
21,9,XpDqW8ZIrNmsUYnZYox+9ATTkf0=,0PueSWOm2FO5Ju4P07B1fzDcFD8=
22,9,XpDqW8ZIrNmsUYnZYox+9ATTkf0=,0PueSWOm2FO5Ju4P07B1fzDcFD8=
22,8,XpDqW8ZIrNmsUYnZYox+9ATTkf0=,0PueSWOm2FO5Ju4P07B1fzDcFD8=
21,10,XpDqW8ZIrNmsUYnZYox+9ATTkf0=,0PueSWOm2FO5Ju4P07B1fzDcFD8=
22,10,XpDqW8ZIrNmsUYnZYox+9ATTkf0=,0PueSWOm2FO5Ju4P07B1fzDcFD8=
25,13,XpDqW8ZIrNmsUYnZYox+9ATTkf0=,AUoQrQPU6w0pAJE2gRKBUaYj8mk=
26,13,XpDqW8ZIrNmsUYnZYox+9ATTkf0=,AUoQrQPU6w0pAJE2gRKBUaYj8mk=
25,14,XpDqW8ZIrNmsUYnZYox+9ATTkf0=,AUoQrQPU6w0pAJE2gRKBUaYj8mk=
26,14,XpDqW8ZIrNmsUYnZYox+9ATTkf0=,AUoQrQPU6w0pAJE2gRKBUaYj8mk=
23,9,XpDqW8ZIrNmsUYnZYox+9ATTkf0=,0PueSWOm2FO5Ju4P07B1fzDcFD8=
23,10,XpDqW8ZIrNmsUYnZYox+9ATTkf0=,0PueSWOm2FO5Ju4P07B1fzDcFD8=
25,12,XpDqW8ZIrNmsUYnZYox+9ATTkf0=,AUoQrQPU6w0pAJE2gRKBUaYj8mk=
26,12,XpDqW8ZIrNmsUYnZYox+9ATTkf0=,AUoQrQPU6w0pAJE2gRKBUaYj8mk=
16,5,XpDqW8ZIrNmsUYnZYox+9ATTkf0=,YNp3DinRrkfrY33mP1d5X2ZFSSo=
16,6,XpDqW8ZIrNmsUYnZYox+9ATTkf0=,YNp3DinRrkfrY33mP1d5X2ZFSSo=
25,15,XpDqW8ZIrNmsUYnZYox+9ATTkf0=,AUoQrQPU6w0pAJE2gRKBUaYj8mk=
26,15,XpDqW8ZIrNmsUYnZYox+9ATTkf0=,AUoQrQPU6w0pAJE2gRKBUaYj8mk=
27,13,XpDqW8ZIrNmsUYnZYox+9ATTkf0=,AUoQrQPU6w0pAJE2gRKBUaYj8mk=
27,14,XpDqW8ZIrNmsUYnZYox+9ATTkf0=,AUoQrQPU6w0pAJE2gRKBUaYj8mk=
21,4,XpDqW8ZIrNmsUYnZYox+9ATTkf0=,YI+HBj/6LNp/gl5yF6DRYBv2/wQ=
22,4,XpDqW8ZIrNmsUYnZYox+9ATTkf0=,YI+HBj/6LNp/gl5yF6DRYBv2/wQ=
23,7,XpDqW8ZIrNmsUYnZYox+9ATTkf0=,YI+HBj/6LNp/gl5yF6DRYBv2/wQ=
23,8,XpDqW8ZIrNmsUYnZYox+9ATTkf0=,0PueSWOm2FO5Ju4P07B1fzDcFD8=
23,5,XpDqW8ZIrNmsUYnZYox+9ATTkf0=,YI+HBj/6LNp/gl5yF6DRYBv2/wQ=
23,6,XpDqW8ZIrNmsUYnZYox+9ATTkf0=,YI+HBj/6LNp/gl5yF6DRYBv2/wQ=
23,4,XpDqW8ZIrNmsUYnZYox+9ATTkf0=,YI+HBj/6LNp/gl5yF6DRYBv2/wQ=
27,12,XpDqW8ZIrNmsUYnZYox+9ATTkf0=,AUoQrQPU6w0pAJE2gRKBUaYj8mk=
17,4,XpDqW8ZIrNmsUYnZYox+9ATTkf0=,YNp3DinRrkfrY33mP1d5X2ZFSSo=
18,4,XpDqW8ZIrNmsUYnZYox+9ATTkf0=,YNp3DinRrkfrY33mP1d5X2ZFSSo=
19,4,XpDqW8ZIrNmsUYnZYox+9ATTkf0=,YNp3DinRrkfrY33mP1d5X2ZFSSo=
20,4,XpDqW8ZIrNmsUYnZYox+9ATTkf0=,YI+HBj/6LNp/gl5yF6DRYBv2/wQ=
27,15,XpDqW8ZIrNmsUYnZYox+9ATTkf0=,AUoQrQPU6w0pAJE2gRKBUaYj8mk=
16,4,XpDqW8ZIrNmsUYnZYox+9ATTkf0=,YNp3DinRrkfrY33mP1d5X2ZFSSo=
19,9,XpDqW8ZIrNmsUYnZYox+9ATTkf0=,TGfzONtXiJ3bbW+taC+Czi4eHfM=
19,10,XpDqW8ZIrNmsUYnZYox+9ATTkf0=,TGfzONtXiJ3bbW+taC+Czi4eHfM=
16,10,XpDqW8ZIrNmsUYnZYox+9ATTkf0=,TGfzONtXiJ3bbW+taC+Czi4eHfM=
17,10,XpDqW8ZIrNmsUYnZYox+9ATTkf0=,TGfzONtXiJ3bbW+taC+Czi4eHfM=
19,8,XpDqW8ZIrNmsUYnZYox+9ATTkf0=,TGfzONtXiJ3bbW+taC+Czi4eHfM=
20,7,XpDqW8ZIrNmsUYnZYox+9ATTkf0=,YI+HBj/6LNp/gl5yF6DRYBv2/wQ=
16,9,XpDqW8ZIrNmsUYnZYox+9ATTkf0=,TGfzONtXiJ3bbW+taC+Czi4eHfM=
17,9,XpDqW8ZIrNmsUYnZYox+9ATTkf0=,TGfzONtXiJ3bbW+taC+Czi4eHfM=
16,7,XpDqW8ZIrNmsUYnZYox+9ATTkf0=,YNp3DinRrkfrY33mP1d5X2ZFSSo=
17,7,XpDqW8ZIrNmsUYnZYox+9ATTkf0=,YNp3DinRrkfrY33mP1d5X2ZFSSo=
17,8,XpDqW8ZIrNmsUYnZYox+9ATTkf0=,TGfzONtXiJ3bbW+taC+Czi4eHfM=
20,8,XpDqW8ZIrNmsUYnZYox+9ATTkf0=,0PueSWOm2FO5Ju4P07B1fzDcFD8=
18,10,XpDqW8ZIrNmsUYnZYox+9ATTkf0=,TGfzONtXiJ3bbW+taC+Czi4eHfM=
18,9,XpDqW8ZIrNmsUYnZYox+9ATTkf0=,TGfzONtXiJ3bbW+taC+Czi4eHfM=
20,9,XpDqW8ZIrNmsUYnZYox+9ATTkf0=,0PueSWOm2FO5Ju4P07B1fzDcFD8=
20,10,XpDqW8ZIrNmsUYnZYox+9ATTkf0=,0PueSWOm2FO5Ju4P07B1fzDcFD8=
18,7,XpDqW8ZIrNmsUYnZYox+9ATTkf0=,YNp3DinRrkfrY33mP1d5X2ZFSSo=
19,7,XpDqW8ZIrNmsUYnZYox+9ATTkf0=,YNp3DinRrkfrY33mP1d5X2ZFSSo=
18,8,XpDqW8ZIrNmsUYnZYox+9ATTkf0=,TGfzONtXiJ3bbW+taC+Czi4eHfM=
16,8,XpDqW8ZIrNmsUYnZYox+9ATTkf0=,TGfzONtXiJ3bbW+taC+Czi4eHfM=
24,15,XtlJwTffZW1y6ScXSzk/Fm924lg=,AUoQrQPU6w0pAJE2gRKBUaYj8mk=
22,14,XtlJwTffZW1y6ScXSzk/Fm924lg=,sFbArXmkuMspMfPml4c8ktBJPPw=
23,14,XtlJwTffZW1y6ScXSzk/Fm924lg=,sFbArXmkuMspMfPml4c8ktBJPPw=
24,12,XtlJwTffZW1y6ScXSzk/Fm924lg=,AUoQrQPU6w0pAJE2gRKBUaYj8mk=
23,11,XtlJwTffZW1y6ScXSzk/Fm924lg=,0PueSWOm2FO5Ju4P07B1fzDcFD8=
23,13,XtlJwTffZW1y6ScXSzk/Fm924lg=,sFbArXmkuMspMfPml4c8ktBJPPw=
22,11,XtlJwTffZW1y6ScXSzk/Fm924lg=,0PueSWOm2FO5Ju4P07B1fzDcFD8=
21,11,XtlJwTffZW1y6ScXSzk/Fm924lg=,0PueSWOm2FO5Ju4P07B1fzDcFD8=
22,13,XtlJwTffZW1y6ScXSzk/Fm924lg=,sFbArXmkuMspMfPml4c8ktBJPPw=
24,14,XtlJwTffZW1y6ScXSzk/Fm924lg=,AUoQrQPU6w0pAJE2gRKBUaYj8mk=
21,14,XtlJwTffZW1y6ScXSzk/Fm924lg=,sFbArXmkuMspMfPml4c8ktBJPPw=
21,13,XtlJwTffZW1y6ScXSzk/Fm924lg=,sFbArXmkuMspMfPml4c8ktBJPPw=
23,12,XtlJwTffZW1y6ScXSzk/Fm924lg=,sFbArXmkuMspMfPml4c8ktBJPPw=
22,12,XtlJwTffZW1y6ScXSzk/Fm924lg=,sFbArXmkuMspMfPml4c8ktBJPPw=
21,12,XtlJwTffZW1y6ScXSzk/Fm924lg=,sFbArXmkuMspMfPml4c8ktBJPPw=
24,13,XtlJwTffZW1y6ScXSzk/Fm924lg=,AUoQrQPU6w0pAJE2gRKBUaYj8mk=
23,15,XtlJwTffZW1y6ScXSzk/Fm924lg=,sFbArXmkuMspMfPml4c8ktBJPPw=
21,15,XtlJwTffZW1y6ScXSzk/Fm924lg=,sFbArXmkuMspMfPml4c8ktBJPPw=
22,15,XtlJwTffZW1y6ScXSzk/Fm924lg=,sFbArXmkuMspMfPml4c8ktBJPPw=
16,15,XtlJwTffZW1y6ScXSzk/Fm924lg=,t3YiVAxqg1noBchsnpwZd5gVDTs=
17,12,XtlJwTffZW1y6ScXSzk/Fm924lg=,t3YiVAxqg1noBchsnpwZd5gVDTs=
18,11,XtlJwTffZW1y6ScXSzk/Fm924lg=,TGfzONtXiJ3bbW+taC+Czi4eHfM=
16,12,XtlJwTffZW1y6ScXSzk/Fm924lg=,t3YiVAxqg1noBchsnpwZd5gVDTs=
18,12,XtlJwTffZW1y6ScXSzk/Fm924lg=,t3YiVAxqg1noBchsnpwZd5gVDTs=
19,11,XtlJwTffZW1y6ScXSzk/Fm924lg=,TGfzONtXiJ3bbW+taC+Czi4eHfM=
20,11,XtlJwTffZW1y6ScXSzk/Fm924lg=,0PueSWOm2FO5Ju4P07B1fzDcFD8=
20,15,XtlJwTffZW1y6ScXSzk/Fm924lg=,sFbArXmkuMspMfPml4c8ktBJPPw=
19,12,XtlJwTffZW1y6ScXSzk/Fm924lg=,t3YiVAxqg1noBchsnpwZd5gVDTs=
17,15,XtlJwTffZW1y6ScXSzk/Fm924lg=,t3YiVAxqg1noBchsnpwZd5gVDTs=
17,11,XtlJwTffZW1y6ScXSzk/Fm924lg=,TGfzONtXiJ3bbW+taC+Czi4eHfM=
20,13,XtlJwTffZW1y6ScXSzk/Fm924lg=,sFbArXmkuMspMfPml4c8ktBJPPw=
17,14,XtlJwTffZW1y6ScXSzk/Fm924lg=,t3YiVAxqg1noBchsnpwZd5gVDTs=
18,14,XtlJwTffZW1y6ScXSzk/Fm924lg=,t3YiVAxqg1noBchsnpwZd5gVDTs=
18,13,XtlJwTffZW1y6ScXSzk/Fm924lg=,t3YiVAxqg1noBchsnpwZd5gVDTs=
20,12,XtlJwTffZW1y6ScXSzk/Fm924lg=,sFbArXmkuMspMfPml4c8ktBJPPw=
18,15,XtlJwTffZW1y6ScXSzk/Fm924lg=,t3YiVAxqg1noBchsnpwZd5gVDTs=
19,14,XtlJwTffZW1y6ScXSzk/Fm924lg=,t3YiVAxqg1noBchsnpwZd5gVDTs=
16,11,XtlJwTffZW1y6ScXSzk/Fm924lg=,TGfzONtXiJ3bbW+taC+Czi4eHfM=
19,15,XtlJwTffZW1y6ScXSzk/Fm924lg=,t3YiVAxqg1noBchsnpwZd5gVDTs=
17,13,XtlJwTffZW1y6ScXSzk/Fm924lg=,t3YiVAxqg1noBchsnpwZd5gVDTs=
16,13,XtlJwTffZW1y6ScXSzk/Fm924lg=,t3YiVAxqg1noBchsnpwZd5gVDTs=
19,13,XtlJwTffZW1y6ScXSzk/Fm924lg=,t3YiVAxqg1noBchsnpwZd5gVDTs=
16,14,XtlJwTffZW1y6ScXSzk/Fm924lg=,t3YiVAxqg1noBchsnpwZd5gVDTs=
20,14,XtlJwTffZW1y6ScXSzk/Fm924lg=,sFbArXmkuMspMfPml4c8ktBJPPw=
