28,-5,myDhP6WeNTbTVRO1JRR24dLrOGE=,RjvZcShmEQHXIwBOUlFGbSaWXy0=
29,-5,myDhP6WeNTbTVRO1JRR24dLrOGE=,RjvZcShmEQHXIwBOUlFGbSaWXy0=
30,-5,myDhP6WeNTbTVRO1JRR24dLrOGE=,RjvZcShmEQHXIwBOUlFGbSaWXy0=
27,-8,myDhP6WeNTbTVRO1JRR24dLrOGE=,RjvZcShmEQHXIwBOUlFGbSaWXy0=
31,-1,myDhP6WeNTbTVRO1JRR24dLrOGE=,RjvZcShmEQHXIwBOUlFGbSaWXy0=
29,-6,myDhP6WeNTbTVRO1JRR24dLrOGE=,RjvZcShmEQHXIwBOUlFGbSaWXy0=
27,-6,myDhP6WeNTbTVRO1JRR24dLrOGE=,RjvZcShmEQHXIwBOUlFGbSaWXy0=
30,-1,myDhP6WeNTbTVRO1JRR24dLrOGE=,RjvZcShmEQHXIwBOUlFGbSaWXy0=
28,-6,myDhP6WeNTbTVRO1JRR24dLrOGE=,RjvZcShmEQHXIwBOUlFGbSaWXy0=
28,-1,myDhP6WeNTbTVRO1JRR24dLrOGE=,RjvZcShmEQHXIwBOUlFGbSaWXy0=
26,-6,myDhP6WeNTbTVRO1JRR24dLrOGE=,RjvZcShmEQHXIwBOUlFGbSaWXy0=
25,-6,myDhP6WeNTbTVRO1JRR24dLrOGE=,RjvZcShmEQHXIwBOUlFGbSaWXy0=
29,-1,myDhP6WeNTbTVRO1JRR24dLrOGE=,RjvZcShmEQHXIwBOUlFGbSaWXy0=
27,-1,myDhP6WeNTbTVRO1JRR24dLrOGE=,RjvZcShmEQHXIwBOUlFGbSaWXy0=
25,-1,myDhP6WeNTbTVRO1JRR24dLrOGE=,RjvZcShmEQHXIwBOUlFGbSaWXy0=
26,-8,myDhP6WeNTbTVRO1JRR24dLrOGE=,RjvZcShmEQHXIwBOUlFGbSaWXy0=
26,-5,myDhP6WeNTbTVRO1JRR24dLrOGE=,RjvZcShmEQHXIwBOUlFGbSaWXy0=
31,-2,myDhP6WeNTbTVRO1JRR24dLrOGE=,RjvZcShmEQHXIwBOUlFGbSaWXy0=
30,-2,myDhP6WeNTbTVRO1JRR24dLrOGE=,RjvZcShmEQHXIwBOUlFGbSaWXy0=
29,-2,myDhP6WeNTbTVRO1JRR24dLrOGE=,RjvZcShmEQHXIwBOUlFGbSaWXy0=
28,-2,myDhP6WeNTbTVRO1JRR24dLrOGE=,RjvZcShmEQHXIwBOUlFGbSaWXy0=
26,-1,myDhP6WeNTbTVRO1JRR24dLrOGE=,RjvZcShmEQHXIwBOUlFGbSaWXy0=
27,-2,myDhP6WeNTbTVRO1JRR24dLrOGE=,RjvZcShmEQHXIwBOUlFGbSaWXy0=
31,-7,myDhP6WeNTbTVRO1JRR24dLrOGE=,RjvZcShmEQHXIwBOUlFGbSaWXy0=
25,-5,myDhP6WeNTbTVRO1JRR24dLrOGE=,RjvZcShmEQHXIwBOUlFGbSaWXy0=
25,-7,myDhP6WeNTbTVRO1JRR24dLrOGE=,RjvZcShmEQHXIwBOUlFGbSaWXy0=
31,-3,myDhP6WeNTbTVRO1JRR24dLrOGE=,RjvZcShmEQHXIwBOUlFGbSaWXy0=
30,-3,myDhP6WeNTbTVRO1JRR24dLrOGE=,RjvZcShmEQHXIwBOUlFGbSaWXy0=
29,-3,myDhP6WeNTbTVRO1JRR24dLrOGE=,RjvZcShmEQHXIwBOUlFGbSaWXy0=
28,-3,myDhP6WeNTbTVRO1JRR24dLrOGE=,RjvZcShmEQHXIwBOUlFGbSaWXy0=
25,-2,myDhP6WeNTbTVRO1JRR24dLrOGE=,RjvZcShmEQHXIwBOUlFGbSaWXy0=
27,-3,myDhP6WeNTbTVRO1JRR24dLrOGE=,RjvZcShmEQHXIwBOUlFGbSaWXy0=
30,-7,myDhP6WeNTbTVRO1JRR24dLrOGE=,RjvZcShmEQHXIwBOUlFGbSaWXy0=
26,-2,myDhP6WeNTbTVRO1JRR24dLrOGE=,RjvZcShmEQHXIwBOUlFGbSaWXy0=
26,-3,myDhP6WeNTbTVRO1JRR24dLrOGE=,RjvZcShmEQHXIwBOUlFGbSaWXy0=
31,-4,myDhP6WeNTbTVRO1JRR24dLrOGE=,RjvZcShmEQHXIwBOUlFGbSaWXy0=
29,-7,myDhP6WeNTbTVRO1JRR24dLrOGE=,RjvZcShmEQHXIwBOUlFGbSaWXy0=
30,-4,myDhP6WeNTbTVRO1JRR24dLrOGE=,RjvZcShmEQHXIwBOUlFGbSaWXy0=
29,-4,myDhP6WeNTbTVRO1JRR24dLrOGE=,RjvZcShmEQHXIwBOUlFGbSaWXy0=
28,-4,myDhP6WeNTbTVRO1JRR24dLrOGE=,RjvZcShmEQHXIwBOUlFGbSaWXy0=
28,-7,myDhP6WeNTbTVRO1JRR24dLrOGE=,RjvZcShmEQHXIwBOUlFGbSaWXy0=
31,-6,myDhP6WeNTbTVRO1JRR24dLrOGE=,RjvZcShmEQHXIwBOUlFGbSaWXy0=
27,-4,myDhP6WeNTbTVRO1JRR24dLrOGE=,RjvZcShmEQHXIwBOUlFGbSaWXy0=
25,-3,myDhP6WeNTbTVRO1JRR24dLrOGE=,RjvZcShmEQHXIwBOUlFGbSaWXy0=
26,-4,myDhP6WeNTbTVRO1JRR24dLrOGE=,RjvZcShmEQHXIwBOUlFGbSaWXy0=
27,-7,myDhP6WeNTbTVRO1JRR24dLrOGE=,RjvZcShmEQHXIwBOUlFGbSaWXy0=
31,-5,myDhP6WeNTbTVRO1JRR24dLrOGE=,RjvZcShmEQHXIwBOUlFGbSaWXy0=
31,-8,myDhP6WeNTbTVRO1JRR24dLrOGE=,RjvZcShmEQHXIwBOUlFGbSaWXy0=
26,-7,myDhP6WeNTbTVRO1JRR24dLrOGE=,RjvZcShmEQHXIwBOUlFGbSaWXy0=
25,-8,myDhP6WeNTbTVRO1JRR24dLrOGE=,RjvZcShmEQHXIwBOUlFGbSaWXy0=
30,-8,myDhP6WeNTbTVRO1JRR24dLrOGE=,RjvZcShmEQHXIwBOUlFGbSaWXy0=
29,-8,myDhP6WeNTbTVRO1JRR24dLrOGE=,RjvZcShmEQHXIwBOUlFGbSaWXy0=
28,-8,myDhP6WeNTbTVRO1JRR24dLrOGE=,RjvZcShmEQHXIwBOUlFGbSaWXy0=
30,-6,myDhP6WeNTbTVRO1JRR24dLrOGE=,RjvZcShmEQHXIwBOUlFGbSaWXy0=
25,-4,myDhP6WeNTbTVRO1JRR24dLrOGE=,RjvZcShmEQHXIwBOUlFGbSaWXy0=
27,-5,myDhP6WeNTbTVRO1JRR24dLrOGE=,RjvZcShmEQHXIwBOUlFGbSaWXy0=
16,-16,myDhP6WeNTbTVRO1JRR24dLrOGE=,i/UlsBeKYPuc1xsftv5+qkdkMSw=
19,-11,myDhP6WeNTbTVRO1JRR24dLrOGE=,i/UlsBeKYPuc1xsftv5+qkdkMSw=
18,-11,myDhP6WeNTbTVRO1JRR24dLrOGE=,i/UlsBeKYPuc1xsftv5+qkdkMSw=
17,-16,myDhP6WeNTbTVRO1JRR24dLrOGE=,i/UlsBeKYPuc1xsftv5+qkdkMSw=
18,-16,myDhP6WeNTbTVRO1JRR24dLrOGE=,i/UlsBeKYPuc1xsftv5+qkdkMSw=
19,-16,myDhP6WeNTbTVRO1JRR24dLrOGE=,i/UlsBeKYPuc1xsftv5+qkdkMSw=
20,-16,myDhP6WeNTbTVRO1JRR24dLrOGE=,i/UlsBeKYPuc1xsftv5+qkdkMSw=
21,-16,myDhP6WeNTbTVRO1JRR24dLrOGE=,i/UlsBeKYPuc1xsftv5+qkdkMSw=
22,-16,myDhP6WeNTbTVRO1JRR24dLrOGE=,i/UlsBeKYPuc1xsftv5+qkdkMSw=
23,-16,myDhP6WeNTbTVRO1JRR24dLrOGE=,i/UlsBeKYPuc1xsftv5+qkdkMSw=
16,-11,myDhP6WeNTbTVRO1JRR24dLrOGE=,i/UlsBeKYPuc1xsftv5+qkdkMSw=
23,-12,myDhP6WeNTbTVRO1JRR24dLrOGE=,i/UlsBeKYPuc1xsftv5+qkdkMSw=
22,-12,myDhP6WeNTbTVRO1JRR24dLrOGE=,i/UlsBeKYPuc1xsftv5+qkdkMSw=
21,-12,myDhP6WeNTbTVRO1JRR24dLrOGE=,i/UlsBeKYPuc1xsftv5+qkdkMSw=
16,-15,myDhP6WeNTbTVRO1JRR24dLrOGE=,i/UlsBeKYPuc1xsftv5+qkdkMSw=
19,-12,myDhP6WeNTbTVRO1JRR24dLrOGE=,i/UlsBeKYPuc1xsftv5+qkdkMSw=
20,-12,myDhP6WeNTbTVRO1JRR24dLrOGE=,i/UlsBeKYPuc1xsftv5+qkdkMSw=
17,-15,myDhP6WeNTbTVRO1JRR24dLrOGE=,i/UlsBeKYPuc1xsftv5+qkdkMSw=
18,-12,myDhP6WeNTbTVRO1JRR24dLrOGE=,i/UlsBeKYPuc1xsftv5+qkdkMSw=
17,-12,myDhP6WeNTbTVRO1JRR24dLrOGE=,i/UlsBeKYPuc1xsftv5+qkdkMSw=
23,-13,myDhP6WeNTbTVRO1JRR24dLrOGE=,i/UlsBeKYPuc1xsftv5+qkdkMSw=
18,-15,myDhP6WeNTbTVRO1JRR24dLrOGE=,i/UlsBeKYPuc1xsftv5+qkdkMSw=
19,-15,myDhP6WeNTbTVRO1JRR24dLrOGE=,i/UlsBeKYPuc1xsftv5+qkdkMSw=
20,-15,myDhP6WeNTbTVRO1JRR24dLrOGE=,i/UlsBeKYPuc1xsftv5+qkdkMSw=
21,-15,myDhP6WeNTbTVRO1JRR24dLrOGE=,i/UlsBeKYPuc1xsftv5+qkdkMSw=
22,-15,myDhP6WeNTbTVRO1JRR24dLrOGE=,i/UlsBeKYPuc1xsftv5+qkdkMSw=
23,-15,myDhP6WeNTbTVRO1JRR24dLrOGE=,i/UlsBeKYPuc1xsftv5+qkdkMSw=
16,-12,myDhP6WeNTbTVRO1JRR24dLrOGE=,i/UlsBeKYPuc1xsftv5+qkdkMSw=
22,-13,myDhP6WeNTbTVRO1JRR24dLrOGE=,i/UlsBeKYPuc1xsftv5+qkdkMSw=
21,-13,myDhP6WeNTbTVRO1JRR24dLrOGE=,i/UlsBeKYPuc1xsftv5+qkdkMSw=
20,-13,myDhP6WeNTbTVRO1JRR24dLrOGE=,i/UlsBeKYPuc1xsftv5+qkdkMSw=
19,-13,myDhP6WeNTbTVRO1JRR24dLrOGE=,i/UlsBeKYPuc1xsftv5+qkdkMSw=
23,-10,myDhP6WeNTbTVRO1JRR24dLrOGE=,i/UlsBeKYPuc1xsftv5+qkdkMSw=
16,-14,myDhP6WeNTbTVRO1JRR24dLrOGE=,i/UlsBeKYPuc1xsftv5+qkdkMSw=
22,-10,myDhP6WeNTbTVRO1JRR24dLrOGE=,i/UlsBeKYPuc1xsftv5+qkdkMSw=
18,-13,myDhP6WeNTbTVRO1JRR24dLrOGE=,i/UlsBeKYPuc1xsftv5+qkdkMSw=
21,-10,myDhP6WeNTbTVRO1JRR24dLrOGE=,i/UlsBeKYPuc1xsftv5+qkdkMSw=
20,-10,myDhP6WeNTbTVRO1JRR24dLrOGE=,i/UlsBeKYPuc1xsftv5+qkdkMSw=
17,-14,myDhP6WeNTbTVRO1JRR24dLrOGE=,i/UlsBeKYPuc1xsftv5+qkdkMSw=
19,-10,myDhP6WeNTbTVRO1JRR24dLrOGE=,i/UlsBeKYPuc1xsftv5+qkdkMSw=
18,-10,myDhP6WeNTbTVRO1JRR24dLrOGE=,i/UlsBeKYPuc1xsftv5+qkdkMSw=
17,-13,myDhP6WeNTbTVRO1JRR24dLrOGE=,i/UlsBeKYPuc1xsftv5+qkdkMSw=
18,-14,myDhP6WeNTbTVRO1JRR24dLrOGE=,i/UlsBeKYPuc1xsftv5+qkdkMSw=
17,-10,myDhP6WeNTbTVRO1JRR24dLrOGE=,i/UlsBeKYPuc1xsftv5+qkdkMSw=
23,-11,myDhP6WeNTbTVRO1JRR24dLrOGE=,i/UlsBeKYPuc1xsftv5+qkdkMSw=
19,-14,myDhP6WeNTbTVRO1JRR24dLrOGE=,i/UlsBeKYPuc1xsftv5+qkdkMSw=
20,-14,myDhP6WeNTbTVRO1JRR24dLrOGE=,i/UlsBeKYPuc1xsftv5+qkdkMSw=
16,-10,myDhP6WeNTbTVRO1JRR24dLrOGE=,i/UlsBeKYPuc1xsftv5+qkdkMSw=
22,-11,myDhP6WeNTbTVRO1JRR24dLrOGE=,i/UlsBeKYPuc1xsftv5+qkdkMSw=
23,-14,myDhP6WeNTbTVRO1JRR24dLrOGE=,i/UlsBeKYPuc1xsftv5+qkdkMSw=
22,-14,myDhP6WeNTbTVRO1JRR24dLrOGE=,i/UlsBeKYPuc1xsftv5+qkdkMSw=
16,-13,myDhP6WeNTbTVRO1JRR24dLrOGE=,i/UlsBeKYPuc1xsftv5+qkdkMSw=
21,-14,myDhP6WeNTbTVRO1JRR24dLrOGE=,i/UlsBeKYPuc1xsftv5+qkdkMSw=
21,-11,myDhP6WeNTbTVRO1JRR24dLrOGE=,i/UlsBeKYPuc1xsftv5+qkdkMSw=
20,-11,myDhP6WeNTbTVRO1JRR24dLrOGE=,i/UlsBeKYPuc1xsftv5+qkdkMSw=
17,-11,myDhP6WeNTbTVRO1JRR24dLrOGE=,i/UlsBeKYPuc1xsftv5+qkdkMSw=
20,-5,myDhP6WeNTbTVRO1JRR24dLrOGE=,uVn8lAc1WpB4TYBoH8fcTW4PU5I=
23,-1,myDhP6WeNTbTVRO1JRR24dLrOGE=,uVn8lAc1WpB4TYBoH8fcTW4PU5I=
19,-5,myDhP6WeNTbTVRO1JRR24dLrOGE=,uVn8lAc1WpB4TYBoH8fcTW4PU5I=
18,-5,myDhP6WeNTbTVRO1JRR24dLrOGE=,uVn8lAc1WpB4TYBoH8fcTW4PU5I=
17,-5,myDhP6WeNTbTVRO1JRR24dLrOGE=,uVn8lAc1WpB4TYBoH8fcTW4PU5I=
22,-1,myDhP6WeNTbTVRO1JRR24dLrOGE=,uVn8lAc1WpB4TYBoH8fcTW4PU5I=
23,-6,myDhP6WeNTbTVRO1JRR24dLrOGE=,uVn8lAc1WpB4TYBoH8fcTW4PU5I=
22,-6,myDhP6WeNTbTVRO1JRR24dLrOGE=,uVn8lAc1WpB4TYBoH8fcTW4PU5I=
16,-5,myDhP6WeNTbTVRO1JRR24dLrOGE=,uVn8lAc1WpB4TYBoH8fcTW4PU5I=
21,-1,myDhP6WeNTbTVRO1JRR24dLrOGE=,uVn8lAc1WpB4TYBoH8fcTW4PU5I=
21,-6,myDhP6WeNTbTVRO1JRR24dLrOGE=,uVn8lAc1WpB4TYBoH8fcTW4PU5I=
20,-1,myDhP6WeNTbTVRO1JRR24dLrOGE=,uVn8lAc1WpB4TYBoH8fcTW4PU5I=
20,-6,myDhP6WeNTbTVRO1JRR24dLrOGE=,uVn8lAc1WpB4TYBoH8fcTW4PU5I=
19,-1,myDhP6WeNTbTVRO1JRR24dLrOGE=,uVn8lAc1WpB4TYBoH8fcTW4PU5I=
19,-6,myDhP6WeNTbTVRO1JRR24dLrOGE=,uVn8lAc1WpB4TYBoH8fcTW4PU5I=
17,-1,myDhP6WeNTbTVRO1JRR24dLrOGE=,uVn8lAc1WpB4TYBoH8fcTW4PU5I=
16,-1,myDhP6WeNTbTVRO1JRR24dLrOGE=,uVn8lAc1WpB4TYBoH8fcTW4PU5I=
17,-6,myDhP6WeNTbTVRO1JRR24dLrOGE=,uVn8lAc1WpB4TYBoH8fcTW4PU5I=
18,-1,myDhP6WeNTbTVRO1JRR24dLrOGE=,uVn8lAc1WpB4TYBoH8fcTW4PU5I=
18,-6,myDhP6WeNTbTVRO1JRR24dLrOGE=,uVn8lAc1WpB4TYBoH8fcTW4PU5I=
23,-7,myDhP6WeNTbTVRO1JRR24dLrOGE=,uVn8lAc1WpB4TYBoH8fcTW4PU5I=
23,-2,myDhP6WeNTbTVRO1JRR24dLrOGE=,uVn8lAc1WpB4TYBoH8fcTW4PU5I=
22,-2,myDhP6WeNTbTVRO1JRR24dLrOGE=,uVn8lAc1WpB4TYBoH8fcTW4PU5I=
21,-7,myDhP6WeNTbTVRO1JRR24dLrOGE=,uVn8lAc1WpB4TYBoH8fcTW4PU5I=
20,-2,myDhP6WeNTbTVRO1JRR24dLrOGE=,uVn8lAc1WpB4TYBoH8fcTW4PU5I=
16,-6,myDhP6WeNTbTVRO1JRR24dLrOGE=,uVn8lAc1WpB4TYBoH8fcTW4PU5I=
22,-7,myDhP6WeNTbTVRO1JRR24dLrOGE=,uVn8lAc1WpB4TYBoH8fcTW4PU5I=
18,-2,myDhP6WeNTbTVRO1JRR24dLrOGE=,uVn8lAc1WpB4TYBoH8fcTW4PU5I=
19,-7,myDhP6WeNTbTVRO1JRR24dLrOGE=,uVn8lAc1WpB4TYBoH8fcTW4PU5I=
18,-7,myDhP6WeNTbTVRO1JRR24dLrOGE=,uVn8lAc1WpB4TYBoH8fcTW4PU5I=
23,-8,myDhP6WeNTbTVRO1JRR24dLrOGE=,uVn8lAc1WpB4TYBoH8fcTW4PU5I=
17,-7,myDhP6WeNTbTVRO1JRR24dLrOGE=,uVn8lAc1WpB4TYBoH8fcTW4PU5I=
19,-2,myDhP6WeNTbTVRO1JRR24dLrOGE=,uVn8lAc1WpB4TYBoH8fcTW4PU5I=
20,-7,myDhP6WeNTbTVRO1JRR24dLrOGE=,uVn8lAc1WpB4TYBoH8fcTW4PU5I=
22,-8,myDhP6WeNTbTVRO1JRR24dLrOGE=,uVn8lAc1WpB4TYBoH8fcTW4PU5I=
16,-2,myDhP6WeNTbTVRO1JRR24dLrOGE=,uVn8lAc1WpB4TYBoH8fcTW4PU5I=
21,-2,myDhP6WeNTbTVRO1JRR24dLrOGE=,uVn8lAc1WpB4TYBoH8fcTW4PU5I=
21,-8,myDhP6WeNTbTVRO1JRR24dLrOGE=,uVn8lAc1WpB4TYBoH8fcTW4PU5I=
16,-7,myDhP6WeNTbTVRO1JRR24dLrOGE=,uVn8lAc1WpB4TYBoH8fcTW4PU5I=
19,-8,myDhP6WeNTbTVRO1JRR24dLrOGE=,uVn8lAc1WpB4TYBoH8fcTW4PU5I=
22,-3,myDhP6WeNTbTVRO1JRR24dLrOGE=,uVn8lAc1WpB4TYBoH8fcTW4PU5I=
24,-6,myDhP6WeNTbTVRO1JRR24dLrOGE=,RjvZcShmEQHXIwBOUlFGbSaWXy0=
23,-3,myDhP6WeNTbTVRO1JRR24dLrOGE=,uVn8lAc1WpB4TYBoH8fcTW4PU5I=
23,-9,myDhP6WeNTbTVRO1JRR24dLrOGE=,i/UlsBeKYPuc1xsftv5+qkdkMSw=
20,-8,myDhP6WeNTbTVRO1JRR24dLrOGE=,uVn8lAc1WpB4TYBoH8fcTW4PU5I=
16,-8,myDhP6WeNTbTVRO1JRR24dLrOGE=,uVn8lAc1WpB4TYBoH8fcTW4PU5I=
24,-1,myDhP6WeNTbTVRO1JRR24dLrOGE=,RjvZcShmEQHXIwBOUlFGbSaWXy0=
17,-8,myDhP6WeNTbTVRO1JRR24dLrOGE=,uVn8lAc1WpB4TYBoH8fcTW4PU5I=
21,-3,myDhP6WeNTbTVRO1JRR24dLrOGE=,uVn8lAc1WpB4TYBoH8fcTW4PU5I=
20,-9,myDhP6WeNTbTVRO1JRR24dLrOGE=,i/UlsBeKYPuc1xsftv5+qkdkMSw=
18,-8,myDhP6WeNTbTVRO1JRR24dLrOGE=,uVn8lAc1WpB4TYBoH8fcTW4PU5I=
19,-9,myDhP6WeNTbTVRO1JRR24dLrOGE=,i/UlsBeKYPuc1xsftv5+qkdkMSw=
18,-9,myDhP6WeNTbTVRO1JRR24dLrOGE=,i/UlsBeKYPuc1xsftv5+qkdkMSw=
16,-9,myDhP6WeNTbTVRO1JRR24dLrOGE=,i/UlsBeKYPuc1xsftv5+qkdkMSw=
20,-3,myDhP6WeNTbTVRO1JRR24dLrOGE=,uVn8lAc1WpB4TYBoH8fcTW4PU5I=
18,-3,myDhP6WeNTbTVRO1JRR24dLrOGE=,uVn8lAc1WpB4TYBoH8fcTW4PU5I=
24,-2,myDhP6WeNTbTVRO1JRR24dLrOGE=,RjvZcShmEQHXIwBOUlFGbSaWXy0=
17,-3,myDhP6WeNTbTVRO1JRR24dLrOGE=,uVn8lAc1WpB4TYBoH8fcTW4PU5I=
16,-3,myDhP6WeNTbTVRO1JRR24dLrOGE=,uVn8lAc1WpB4TYBoH8fcTW4PU5I=
17,-9,myDhP6WeNTbTVRO1JRR24dLrOGE=,i/UlsBeKYPuc1xsftv5+qkdkMSw=
24,-5,myDhP6WeNTbTVRO1JRR24dLrOGE=,RjvZcShmEQHXIwBOUlFGbSaWXy0=
21,-9,myDhP6WeNTbTVRO1JRR24dLrOGE=,i/UlsBeKYPuc1xsftv5+qkdkMSw=
17,-2,myDhP6WeNTbTVRO1JRR24dLrOGE=,uVn8lAc1WpB4TYBoH8fcTW4PU5I=
19,-3,myDhP6WeNTbTVRO1JRR24dLrOGE=,uVn8lAc1WpB4TYBoH8fcTW4PU5I=
22,-9,myDhP6WeNTbTVRO1JRR24dLrOGE=,i/UlsBeKYPuc1xsftv5+qkdkMSw=
22,-4,myDhP6WeNTbTVRO1JRR24dLrOGE=,uVn8lAc1WpB4TYBoH8fcTW4PU5I=
19,-4,myDhP6WeNTbTVRO1JRR24dLrOGE=,uVn8lAc1WpB4TYBoH8fcTW4PU5I=
21,-4,myDhP6WeNTbTVRO1JRR24dLrOGE=,uVn8lAc1WpB4TYBoH8fcTW4PU5I=
20,-4,myDhP6WeNTbTVRO1JRR24dLrOGE=,uVn8lAc1WpB4TYBoH8fcTW4PU5I=
24,-7,myDhP6WeNTbTVRO1JRR24dLrOGE=,RjvZcShmEQHXIwBOUlFGbSaWXy0=
17,-4,myDhP6WeNTbTVRO1JRR24dLrOGE=,uVn8lAc1WpB4TYBoH8fcTW4PU5I=
16,-4,myDhP6WeNTbTVRO1JRR24dLrOGE=,uVn8lAc1WpB4TYBoH8fcTW4PU5I=
23,-5,myDhP6WeNTbTVRO1JRR24dLrOGE=,uVn8lAc1WpB4TYBoH8fcTW4PU5I=
24,-8,myDhP6WeNTbTVRO1JRR24dLrOGE=,RjvZcShmEQHXIwBOUlFGbSaWXy0=
23,-4,myDhP6WeNTbTVRO1JRR24dLrOGE=,uVn8lAc1WpB4TYBoH8fcTW4PU5I=
24,-3,myDhP6WeNTbTVRO1JRR24dLrOGE=,RjvZcShmEQHXIwBOUlFGbSaWXy0=
18,-4,myDhP6WeNTbTVRO1JRR24dLrOGE=,uVn8lAc1WpB4TYBoH8fcTW4PU5I=
22,-5,myDhP6WeNTbTVRO1JRR24dLrOGE=,uVn8lAc1WpB4TYBoH8fcTW4PU5I=
24,-4,myDhP6WeNTbTVRO1JRR24dLrOGE=,RjvZcShmEQHXIwBOUlFGbSaWXy0=
21,-5,myDhP6WeNTbTVRO1JRR24dLrOGE=,uVn8lAc1WpB4TYBoH8fcTW4PU5I=
29,-19,upnxYdScEufViEY32lcL+84gb4U=,pr7gYwzGl6hwJ7p86qtPzg+1iqw=
30,-20,upnxYdScEufViEY32lcL+84gb4U=,pr7gYwzGl6hwJ7p86qtPzg+1iqw=
28,-19,upnxYdScEufViEY32lcL+84gb4U=,pr7gYwzGl6hwJ7p86qtPzg+1iqw=
30,-21,upnxYdScEufViEY32lcL+84gb4U=,pr7gYwzGl6hwJ7p86qtPzg+1iqw=
27,-19,upnxYdScEufViEY32lcL+84gb4U=,pr7gYwzGl6hwJ7p86qtPzg+1iqw=
26,-19,upnxYdScEufViEY32lcL+84gb4U=,pr7gYwzGl6hwJ7p86qtPzg+1iqw=
25,-19,upnxYdScEufViEY32lcL+84gb4U=,pr7gYwzGl6hwJ7p86qtPzg+1iqw=
29,-20,upnxYdScEufViEY32lcL+84gb4U=,pr7gYwzGl6hwJ7p86qtPzg+1iqw=
28,-20,upnxYdScEufViEY32lcL+84gb4U=,pr7gYwzGl6hwJ7p86qtPzg+1iqw=
27,-20,upnxYdScEufViEY32lcL+84gb4U=,pr7gYwzGl6hwJ7p86qtPzg+1iqw=
29,-21,upnxYdScEufViEY32lcL+84gb4U=,pr7gYwzGl6hwJ7p86qtPzg+1iqw=
28,-21,upnxYdScEufViEY32lcL+84gb4U=,pr7gYwzGl6hwJ7p86qtPzg+1iqw=
26,-20,upnxYdScEufViEY32lcL+84gb4U=,pr7gYwzGl6hwJ7p86qtPzg+1iqw=
27,-21,upnxYdScEufViEY32lcL+84gb4U=,pr7gYwzGl6hwJ7p86qtPzg+1iqw=
25,-20,upnxYdScEufViEY32lcL+84gb4U=,pr7gYwzGl6hwJ7p86qtPzg+1iqw=
30,-22,upnxYdScEufViEY32lcL+84gb4U=,pr7gYwzGl6hwJ7p86qtPzg+1iqw=
29,-22,upnxYdScEufViEY32lcL+84gb4U=,pr7gYwzGl6hwJ7p86qtPzg+1iqw=
30,-23,upnxYdScEufViEY32lcL+84gb4U=,pr7gYwzGl6hwJ7p86qtPzg+1iqw=
26,-21,upnxYdScEufViEY32lcL+84gb4U=,pr7gYwzGl6hwJ7p86qtPzg+1iqw=
28,-22,upnxYdScEufViEY32lcL+84gb4U=,pr7gYwzGl6hwJ7p86qtPzg+1iqw=
27,-22,upnxYdScEufViEY32lcL+84gb4U=,pr7gYwzGl6hwJ7p86qtPzg+1iqw=
29,-23,upnxYdScEufViEY32lcL+84gb4U=,pr7gYwzGl6hwJ7p86qtPzg+1iqw=
30,-18,upnxYdScEufViEY32lcL+84gb4U=,pr7gYwzGl6hwJ7p86qtPzg+1iqw=
29,-18,upnxYdScEufViEY32lcL+84gb4U=,pr7gYwzGl6hwJ7p86qtPzg+1iqw=
28,-18,upnxYdScEufViEY32lcL+84gb4U=,pr7gYwzGl6hwJ7p86qtPzg+1iqw=
26,-22,upnxYdScEufViEY32lcL+84gb4U=,pr7gYwzGl6hwJ7p86qtPzg+1iqw=
27,-18,upnxYdScEufViEY32lcL+84gb4U=,pr7gYwzGl6hwJ7p86qtPzg+1iqw=
26,-18,upnxYdScEufViEY32lcL+84gb4U=,pr7gYwzGl6hwJ7p86qtPzg+1iqw=
25,-18,upnxYdScEufViEY32lcL+84gb4U=,pr7gYwzGl6hwJ7p86qtPzg+1iqw=
30,-19,upnxYdScEufViEY32lcL+84gb4U=,pr7gYwzGl6hwJ7p86qtPzg+1iqw=
25,-21,upnxYdScEufViEY32lcL+84gb4U=,pr7gYwzGl6hwJ7p86qtPzg+1iqw=
26,-23,upnxYdScEufViEY32lcL+84gb4U=,pr7gYwzGl6hwJ7p86qtPzg+1iqw=
25,-22,upnxYdScEufViEY32lcL+84gb4U=,pr7gYwzGl6hwJ7p86qtPzg+1iqw=
25,-23,upnxYdScEufViEY32lcL+84gb4U=,pr7gYwzGl6hwJ7p86qtPzg+1iqw=
28,-23,upnxYdScEufViEY32lcL+84gb4U=,pr7gYwzGl6hwJ7p86qtPzg+1iqw=
27,-23,upnxYdScEufViEY32lcL+84gb4U=,pr7gYwzGl6hwJ7p86qtPzg+1iqw=
22,-30,upnxYdScEufViEY32lcL+84gb4U=,BW8zNI+da0pLPX/Xy3MzHhEAH/U=
17,-29,upnxYdScEufViEY32lcL+84gb4U=,BW8zNI+da0pLPX/Xy3MzHhEAH/U=
18,-29,upnxYdScEufViEY32lcL+84gb4U=,BW8zNI+da0pLPX/Xy3MzHhEAH/U=
19,-29,upnxYdScEufViEY32lcL+84gb4U=,BW8zNI+da0pLPX/Xy3MzHhEAH/U=
20,-29,upnxYdScEufViEY32lcL+84gb4U=,BW8zNI+da0pLPX/Xy3MzHhEAH/U=
21,-29,upnxYdScEufViEY32lcL+84gb4U=,BW8zNI+da0pLPX/Xy3MzHhEAH/U=
22,-29,upnxYdScEufViEY32lcL+84gb4U=,BW8zNI+da0pLPX/Xy3MzHhEAH/U=
17,-28,upnxYdScEufViEY32lcL+84gb4U=,BW8zNI+da0pLPX/Xy3MzHhEAH/U=
18,-28,upnxYdScEufViEY32lcL+84gb4U=,BW8zNI+da0pLPX/Xy3MzHhEAH/U=
19,-28,upnxYdScEufViEY32lcL+84gb4U=,BW8zNI+da0pLPX/Xy3MzHhEAH/U=
20,-28,upnxYdScEufViEY32lcL+84gb4U=,BW8zNI+da0pLPX/Xy3MzHhEAH/U=
21,-28,upnxYdScEufViEY32lcL+84gb4U=,BW8zNI+da0pLPX/Xy3MzHhEAH/U=
22,-28,upnxYdScEufViEY32lcL+84gb4U=,BW8zNI+da0pLPX/Xy3MzHhEAH/U=
17,-27,upnxYdScEufViEY32lcL+84gb4U=,BW8zNI+da0pLPX/Xy3MzHhEAH/U=
18,-27,upnxYdScEufViEY32lcL+84gb4U=,BW8zNI+da0pLPX/Xy3MzHhEAH/U=
19,-27,upnxYdScEufViEY32lcL+84gb4U=,BW8zNI+da0pLPX/Xy3MzHhEAH/U=
20,-27,upnxYdScEufViEY32lcL+84gb4U=,BW8zNI+da0pLPX/Xy3MzHhEAH/U=
21,-27,upnxYdScEufViEY32lcL+84gb4U=,BW8zNI+da0pLPX/Xy3MzHhEAH/U=
22,-27,upnxYdScEufViEY32lcL+84gb4U=,BW8zNI+da0pLPX/Xy3MzHhEAH/U=
17,-26,upnxYdScEufViEY32lcL+84gb4U=,BW8zNI+da0pLPX/Xy3MzHhEAH/U=
18,-26,upnxYdScEufViEY32lcL+84gb4U=,BW8zNI+da0pLPX/Xy3MzHhEAH/U=
19,-26,upnxYdScEufViEY32lcL+84gb4U=,BW8zNI+da0pLPX/Xy3MzHhEAH/U=
20,-26,upnxYdScEufViEY32lcL+84gb4U=,BW8zNI+da0pLPX/Xy3MzHhEAH/U=
21,-26,upnxYdScEufViEY32lcL+84gb4U=,BW8zNI+da0pLPX/Xy3MzHhEAH/U=
22,-26,upnxYdScEufViEY32lcL+84gb4U=,BW8zNI+da0pLPX/Xy3MzHhEAH/U=
17,-31,upnxYdScEufViEY32lcL+84gb4U=,BW8zNI+da0pLPX/Xy3MzHhEAH/U=
18,-31,upnxYdScEufViEY32lcL+84gb4U=,BW8zNI+da0pLPX/Xy3MzHhEAH/U=
19,-31,upnxYdScEufViEY32lcL+84gb4U=,BW8zNI+da0pLPX/Xy3MzHhEAH/U=
20,-31,upnxYdScEufViEY32lcL+84gb4U=,BW8zNI+da0pLPX/Xy3MzHhEAH/U=
21,-31,upnxYdScEufViEY32lcL+84gb4U=,BW8zNI+da0pLPX/Xy3MzHhEAH/U=
22,-31,upnxYdScEufViEY32lcL+84gb4U=,BW8zNI+da0pLPX/Xy3MzHhEAH/U=
18,-30,upnxYdScEufViEY32lcL+84gb4U=,BW8zNI+da0pLPX/Xy3MzHhEAH/U=
17,-30,upnxYdScEufViEY32lcL+84gb4U=,BW8zNI+da0pLPX/Xy3MzHhEAH/U=
19,-30,upnxYdScEufViEY32lcL+84gb4U=,BW8zNI+da0pLPX/Xy3MzHhEAH/U=
20,-30,upnxYdScEufViEY32lcL+84gb4U=,BW8zNI+da0pLPX/Xy3MzHhEAH/U=
21,-30,upnxYdScEufViEY32lcL+84gb4U=,BW8zNI+da0pLPX/Xy3MzHhEAH/U=
26,-17,upnxYdScEufViEY32lcL+84gb4U=,pr7gYwzGl6hwJ7p86qtPzg+1iqw=
25,-17,upnxYdScEufViEY32lcL+84gb4U=,pr7gYwzGl6hwJ7p86qtPzg+1iqw=
27,-17,upnxYdScEufViEY32lcL+84gb4U=,pr7gYwzGl6hwJ7p86qtPzg+1iqw=
28,-17,upnxYdScEufViEY32lcL+84gb4U=,pr7gYwzGl6hwJ7p86qtPzg+1iqw=
29,-17,upnxYdScEufViEY32lcL+84gb4U=,pr7gYwzGl6hwJ7p86qtPzg+1iqw=
30,-17,upnxYdScEufViEY32lcL+84gb4U=,pr7gYwzGl6hwJ7p86qtPzg+1iqw=
31,-19,upnxYdScEufViEY32lcL+84gb4U=,pr7gYwzGl6hwJ7p86qtPzg+1iqw=
31,-18,upnxYdScEufViEY32lcL+84gb4U=,pr7gYwzGl6hwJ7p86qtPzg+1iqw=
31,-23,upnxYdScEufViEY32lcL+84gb4U=,pr7gYwzGl6hwJ7p86qtPzg+1iqw=
31,-22,upnxYdScEufViEY32lcL+84gb4U=,pr7gYwzGl6hwJ7p86qtPzg+1iqw=
31,-21,upnxYdScEufViEY32lcL+84gb4U=,pr7gYwzGl6hwJ7p86qtPzg+1iqw=
31,-20,upnxYdScEufViEY32lcL+84gb4U=,pr7gYwzGl6hwJ7p86qtPzg+1iqw=
16,-28,upnxYdScEufViEY32lcL+84gb4U=,BW8zNI+da0pLPX/Xy3MzHhEAH/U=
16,-29,upnxYdScEufViEY32lcL+84gb4U=,BW8zNI+da0pLPX/Xy3MzHhEAH/U=
16,-27,upnxYdScEufViEY32lcL+84gb4U=,BW8zNI+da0pLPX/Xy3MzHhEAH/U=
16,-31,upnxYdScEufViEY32lcL+84gb4U=,BW8zNI+da0pLPX/Xy3MzHhEAH/U=
16,-30,upnxYdScEufViEY32lcL+84gb4U=,BW8zNI+da0pLPX/Xy3MzHhEAH/U=
17,-32,upnxYdScEufViEY32lcL+84gb4U=,BW8zNI+da0pLPX/Xy3MzHhEAH/U=
18,-32,upnxYdScEufViEY32lcL+84gb4U=,BW8zNI+da0pLPX/Xy3MzHhEAH/U=
19,-32,upnxYdScEufViEY32lcL+84gb4U=,BW8zNI+da0pLPX/Xy3MzHhEAH/U=
20,-32,upnxYdScEufViEY32lcL+84gb4U=,BW8zNI+da0pLPX/Xy3MzHhEAH/U=
21,-32,upnxYdScEufViEY32lcL+84gb4U=,BW8zNI+da0pLPX/Xy3MzHhEAH/U=
31,-17,upnxYdScEufViEY32lcL+84gb4U=,pr7gYwzGl6hwJ7p86qtPzg+1iqw=
16,-32,upnxYdScEufViEY32lcL+84gb4U=,BW8zNI+da0pLPX/Xy3MzHhEAH/U=
22,-32,upnxYdScEufViEY32lcL+84gb4U=,BW8zNI+da0pLPX/Xy3MzHhEAH/U=
29,-28,upnxYdScEufViEY32lcL+84gb4U=,x+iiROAjmzgeCSo42uY0biSHVMQ=
30,-28,upnxYdScEufViEY32lcL+84gb4U=,x+iiROAjmzgeCSo42uY0biSHVMQ=
23,-30,upnxYdScEufViEY32lcL+84gb4U=,BW8zNI+da0pLPX/Xy3MzHhEAH/U=
31,-28,upnxYdScEufViEY32lcL+84gb4U=,x+iiROAjmzgeCSo42uY0biSHVMQ=
24,-27,upnxYdScEufViEY32lcL+84gb4U=,x+iiROAjmzgeCSo42uY0biSHVMQ=
16,-26,upnxYdScEufViEY32lcL+84gb4U=,BW8zNI+da0pLPX/Xy3MzHhEAH/U=
23,-29,upnxYdScEufViEY32lcL+84gb4U=,BW8zNI+da0pLPX/Xy3MzHhEAH/U=
28,-24,upnxYdScEufViEY32lcL+84gb4U=,pr7gYwzGl6hwJ7p86qtPzg+1iqw=
28,-28,upnxYdScEufViEY32lcL+84gb4U=,x+iiROAjmzgeCSo42uY0biSHVMQ=
27,-28,upnxYdScEufViEY32lcL+84gb4U=,x+iiROAjmzgeCSo42uY0biSHVMQ=
23,-31,upnxYdScEufViEY32lcL+84gb4U=,BW8zNI+da0pLPX/Xy3MzHhEAH/U=
27,-24,upnxYdScEufViEY32lcL+84gb4U=,pr7gYwzGl6hwJ7p86qtPzg+1iqw=
23,-32,upnxYdScEufViEY32lcL+84gb4U=,BW8zNI+da0pLPX/Xy3MzHhEAH/U=
26,-28,upnxYdScEufViEY32lcL+84gb4U=,x+iiROAjmzgeCSo42uY0biSHVMQ=
25,-28,upnxYdScEufViEY32lcL+84gb4U=,x+iiROAjmzgeCSo42uY0biSHVMQ=
30,-25,upnxYdScEufViEY32lcL+84gb4U=,x+iiROAjmzgeCSo42uY0biSHVMQ=
31,-25,upnxYdScEufViEY32lcL+84gb4U=,x+iiROAjmzgeCSo42uY0biSHVMQ=
24,-28,upnxYdScEufViEY32lcL+84gb4U=,x+iiROAjmzgeCSo42uY0biSHVMQ=
31,-29,upnxYdScEufViEY32lcL+84gb4U=,x+iiROAjmzgeCSo42uY0biSHVMQ=
25,-27,upnxYdScEufViEY32lcL+84gb4U=,x+iiROAjmzgeCSo42uY0biSHVMQ=
26,-27,upnxYdScEufViEY32lcL+84gb4U=,x+iiROAjmzgeCSo42uY0biSHVMQ=
25,-24,upnxYdScEufViEY32lcL+84gb4U=,pr7gYwzGl6hwJ7p86qtPzg+1iqw=
29,-24,upnxYdScEufViEY32lcL+84gb4U=,pr7gYwzGl6hwJ7p86qtPzg+1iqw=
30,-24,upnxYdScEufViEY32lcL+84gb4U=,pr7gYwzGl6hwJ7p86qtPzg+1iqw=
26,-24,upnxYdScEufViEY32lcL+84gb4U=,pr7gYwzGl6hwJ7p86qtPzg+1iqw=
27,-27,upnxYdScEufViEY32lcL+84gb4U=,x+iiROAjmzgeCSo42uY0biSHVMQ=
31,-24,upnxYdScEufViEY32lcL+84gb4U=,pr7gYwzGl6hwJ7p86qtPzg+1iqw=
28,-27,upnxYdScEufViEY32lcL+84gb4U=,x+iiROAjmzgeCSo42uY0biSHVMQ=
23,-28,upnxYdScEufViEY32lcL+84gb4U=,BW8zNI+da0pLPX/Xy3MzHhEAH/U=
29,-27,upnxYdScEufViEY32lcL+84gb4U=,x+iiROAjmzgeCSo42uY0biSHVMQ=
30,-27,upnxYdScEufViEY32lcL+84gb4U=,x+iiROAjmzgeCSo42uY0biSHVMQ=
31,-27,upnxYdScEufViEY32lcL+84gb4U=,x+iiROAjmzgeCSo42uY0biSHVMQ=
24,-26,upnxYdScEufViEY32lcL+84gb4U=,x+iiROAjmzgeCSo42uY0biSHVMQ=
25,-26,upnxYdScEufViEY32lcL+84gb4U=,x+iiROAjmzgeCSo42uY0biSHVMQ=
26,-26,upnxYdScEufViEY32lcL+84gb4U=,x+iiROAjmzgeCSo42uY0biSHVMQ=
27,-26,upnxYdScEufViEY32lcL+84gb4U=,x+iiROAjmzgeCSo42uY0biSHVMQ=
28,-26,upnxYdScEufViEY32lcL+84gb4U=,x+iiROAjmzgeCSo42uY0biSHVMQ=
23,-27,upnxYdScEufViEY32lcL+84gb4U=,BW8zNI+da0pLPX/Xy3MzHhEAH/U=
29,-26,upnxYdScEufViEY32lcL+84gb4U=,x+iiROAjmzgeCSo42uY0biSHVMQ=
30,-26,upnxYdScEufViEY32lcL+84gb4U=,x+iiROAjmzgeCSo42uY0biSHVMQ=
31,-26,upnxYdScEufViEY32lcL+84gb4U=,x+iiROAjmzgeCSo42uY0biSHVMQ=
24,-32,upnxYdScEufViEY32lcL+84gb4U=,x+iiROAjmzgeCSo42uY0biSHVMQ=
25,-32,upnxYdScEufViEY32lcL+84gb4U=,x+iiROAjmzgeCSo42uY0biSHVMQ=
26,-32,upnxYdScEufViEY32lcL+84gb4U=,x+iiROAjmzgeCSo42uY0biSHVMQ=
27,-32,upnxYdScEufViEY32lcL+84gb4U=,x+iiROAjmzgeCSo42uY0biSHVMQ=
28,-32,upnxYdScEufViEY32lcL+84gb4U=,x+iiROAjmzgeCSo42uY0biSHVMQ=
25,-25,upnxYdScEufViEY32lcL+84gb4U=,x+iiROAjmzgeCSo42uY0biSHVMQ=
29,-32,upnxYdScEufViEY32lcL+84gb4U=,x+iiROAjmzgeCSo42uY0biSHVMQ=
30,-32,upnxYdScEufViEY32lcL+84gb4U=,x+iiROAjmzgeCSo42uY0biSHVMQ=
31,-32,upnxYdScEufViEY32lcL+84gb4U=,x+iiROAjmzgeCSo42uY0biSHVMQ=
25,-31,upnxYdScEufViEY32lcL+84gb4U=,x+iiROAjmzgeCSo42uY0biSHVMQ=
24,-31,upnxYdScEufViEY32lcL+84gb4U=,x+iiROAjmzgeCSo42uY0biSHVMQ=
26,-31,upnxYdScEufViEY32lcL+84gb4U=,x+iiROAjmzgeCSo42uY0biSHVMQ=
27,-31,upnxYdScEufViEY32lcL+84gb4U=,x+iiROAjmzgeCSo42uY0biSHVMQ=
28,-31,upnxYdScEufViEY32lcL+84gb4U=,x+iiROAjmzgeCSo42uY0biSHVMQ=
29,-31,upnxYdScEufViEY32lcL+84gb4U=,x+iiROAjmzgeCSo42uY0biSHVMQ=
31,-31,upnxYdScEufViEY32lcL+84gb4U=,x+iiROAjmzgeCSo42uY0biSHVMQ=
30,-31,upnxYdScEufViEY32lcL+84gb4U=,x+iiROAjmzgeCSo42uY0biSHVMQ=
24,-30,upnxYdScEufViEY32lcL+84gb4U=,x+iiROAjmzgeCSo42uY0biSHVMQ=
25,-30,upnxYdScEufViEY32lcL+84gb4U=,x+iiROAjmzgeCSo42uY0biSHVMQ=
26,-25,upnxYdScEufViEY32lcL+84gb4U=,x+iiROAjmzgeCSo42uY0biSHVMQ=
26,-30,upnxYdScEufViEY32lcL+84gb4U=,x+iiROAjmzgeCSo42uY0biSHVMQ=
27,-30,upnxYdScEufViEY32lcL+84gb4U=,x+iiROAjmzgeCSo42uY0biSHVMQ=
23,-26,upnxYdScEufViEY32lcL+84gb4U=,BW8zNI+da0pLPX/Xy3MzHhEAH/U=
28,-30,upnxYdScEufViEY32lcL+84gb4U=,x+iiROAjmzgeCSo42uY0biSHVMQ=
29,-30,upnxYdScEufViEY32lcL+84gb4U=,x+iiROAjmzgeCSo42uY0biSHVMQ=
30,-30,upnxYdScEufViEY32lcL+84gb4U=,x+iiROAjmzgeCSo42uY0biSHVMQ=
31,-30,upnxYdScEufViEY32lcL+84gb4U=,x+iiROAjmzgeCSo42uY0biSHVMQ=
27,-25,upnxYdScEufViEY32lcL+84gb4U=,x+iiROAjmzgeCSo42uY0biSHVMQ=
28,-25,upnxYdScEufViEY32lcL+84gb4U=,x+iiROAjmzgeCSo42uY0biSHVMQ=
29,-25,upnxYdScEufViEY32lcL+84gb4U=,x+iiROAjmzgeCSo42uY0biSHVMQ=
24,-29,upnxYdScEufViEY32lcL+84gb4U=,x+iiROAjmzgeCSo42uY0biSHVMQ=
25,-29,upnxYdScEufViEY32lcL+84gb4U=,x+iiROAjmzgeCSo42uY0biSHVMQ=
26,-29,upnxYdScEufViEY32lcL+84gb4U=,x+iiROAjmzgeCSo42uY0biSHVMQ=
27,-29,upnxYdScEufViEY32lcL+84gb4U=,x+iiROAjmzgeCSo42uY0biSHVMQ=
28,-29,upnxYdScEufViEY32lcL+84gb4U=,x+iiROAjmzgeCSo42uY0biSHVMQ=
29,-29,upnxYdScEufViEY32lcL+84gb4U=,x+iiROAjmzgeCSo42uY0biSHVMQ=
30,-29,upnxYdScEufViEY32lcL+84gb4U=,x+iiROAjmzgeCSo42uY0biSHVMQ=
23,-17,upnxYdScEufViEY32lcL+84gb4U=,aeaCGpync43lpZFdnITwHRD/L4U=
19,-21,upnxYdScEufViEY32lcL+84gb4U=,aeaCGpync43lpZFdnITwHRD/L4U=
22,-17,upnxYdScEufViEY32lcL+84gb4U=,aeaCGpync43lpZFdnITwHRD/L4U=
21,-17,upnxYdScEufViEY32lcL+84gb4U=,aeaCGpync43lpZFdnITwHRD/L4U=
20,-17,upnxYdScEufViEY32lcL+84gb4U=,aeaCGpync43lpZFdnITwHRD/L4U=
17,-21,upnxYdScEufViEY32lcL+84gb4U=,aeaCGpync43lpZFdnITwHRD/L4U=
24,-24,upnxYdScEufViEY32lcL+84gb4U=,pr7gYwzGl6hwJ7p86qtPzg+1iqw=
23,-25,upnxYdScEufViEY32lcL+84gb4U=,BW8zNI+da0pLPX/Xy3MzHhEAH/U=
19,-17,upnxYdScEufViEY32lcL+84gb4U=,aeaCGpync43lpZFdnITwHRD/L4U=
16,-21,upnxYdScEufViEY32lcL+84gb4U=,aeaCGpync43lpZFdnITwHRD/L4U=
18,-21,upnxYdScEufViEY32lcL+84gb4U=,aeaCGpync43lpZFdnITwHRD/L4U=
21,-22,upnxYdScEufViEY32lcL+84gb4U=,aeaCGpync43lpZFdnITwHRD/L4U=
22,-25,upnxYdScEufViEY32lcL+84gb4U=,BW8zNI+da0pLPX/Xy3MzHhEAH/U=
24,-23,upnxYdScEufViEY32lcL+84gb4U=,pr7gYwzGl6hwJ7p86qtPzg+1iqw=
20,-22,upnxYdScEufViEY32lcL+84gb4U=,aeaCGpync43lpZFdnITwHRD/L4U=
24,-18,upnxYdScEufViEY32lcL+84gb4U=,pr7gYwzGl6hwJ7p86qtPzg+1iqw=
20,-21,upnxYdScEufViEY32lcL+84gb4U=,aeaCGpync43lpZFdnITwHRD/L4U=
24,-17,upnxYdScEufViEY32lcL+84gb4U=,pr7gYwzGl6hwJ7p86qtPzg+1iqw=
21,-21,upnxYdScEufViEY32lcL+84gb4U=,aeaCGpync43lpZFdnITwHRD/L4U=
22,-21,upnxYdScEufViEY32lcL+84gb4U=,aeaCGpync43lpZFdnITwHRD/L4U=
23,-21,upnxYdScEufViEY32lcL+84gb4U=,aeaCGpync43lpZFdnITwHRD/L4U=
16,-20,upnxYdScEufViEY32lcL+84gb4U=,aeaCGpync43lpZFdnITwHRD/L4U=
17,-20,upnxYdScEufViEY32lcL+84gb4U=,aeaCGpync43lpZFdnITwHRD/L4U=
16,-17,upnxYdScEufViEY32lcL+84gb4U=,aeaCGpync43lpZFdnITwHRD/L4U=
22,-22,upnxYdScEufViEY32lcL+84gb4U=,aeaCGpync43lpZFdnITwHRD/L4U=
18,-17,upnxYdScEufViEY32lcL+84gb4U=,aeaCGpync43lpZFdnITwHRD/L4U=
24,-19,upnxYdScEufViEY32lcL+84gb4U=,pr7gYwzGl6hwJ7p86qtPzg+1iqw=
18,-22,upnxYdScEufViEY32lcL+84gb4U=,aeaCGpync43lpZFdnITwHRD/L4U=
17,-17,upnxYdScEufViEY32lcL+84gb4U=,aeaCGpync43lpZFdnITwHRD/L4U=
17,-22,upnxYdScEufViEY32lcL+84gb4U=,aeaCGpync43lpZFdnITwHRD/L4U=
16,-22,upnxYdScEufViEY32lcL+84gb4U=,aeaCGpync43lpZFdnITwHRD/L4U=
23,-22,upnxYdScEufViEY32lcL+84gb4U=,aeaCGpync43lpZFdnITwHRD/L4U=
23,-18,upnxYdScEufViEY32lcL+84gb4U=,aeaCGpync43lpZFdnITwHRD/L4U=
22,-18,upnxYdScEufViEY32lcL+84gb4U=,aeaCGpync43lpZFdnITwHRD/L4U=
21,-18,upnxYdScEufViEY32lcL+84gb4U=,aeaCGpync43lpZFdnITwHRD/L4U=
20,-18,upnxYdScEufViEY32lcL+84gb4U=,aeaCGpync43lpZFdnITwHRD/L4U=
24,-21,upnxYdScEufViEY32lcL+84gb4U=,pr7gYwzGl6hwJ7p86qtPzg+1iqw=
18,-20,upnxYdScEufViEY32lcL+84gb4U=,aeaCGpync43lpZFdnITwHRD/L4U=
18,-25,upnxYdScEufViEY32lcL+84gb4U=,BW8zNI+da0pLPX/Xy3MzHhEAH/U=
21,-25,upnxYdScEufViEY32lcL+84gb4U=,BW8zNI+da0pLPX/Xy3MzHhEAH/U=
21,-23,upnxYdScEufViEY32lcL+84gb4U=,aeaCGpync43lpZFdnITwHRD/L4U=
23,-23,upnxYdScEufViEY32lcL+84gb4U=,aeaCGpync43lpZFdnITwHRD/L4U=
19,-18,upnxYdScEufViEY32lcL+84gb4U=,aeaCGpync43lpZFdnITwHRD/L4U=
16,-18,upnxYdScEufViEY32lcL+84gb4U=,aeaCGpync43lpZFdnITwHRD/L4U=
24,-25,upnxYdScEufViEY32lcL+84gb4U=,x+iiROAjmzgeCSo42uY0biSHVMQ=
23,-19,upnxYdScEufViEY32lcL+84gb4U=,aeaCGpync43lpZFdnITwHRD/L4U=
20,-25,upnxYdScEufViEY32lcL+84gb4U=,BW8zNI+da0pLPX/Xy3MzHhEAH/U=
18,-23,upnxYdScEufViEY32lcL+84gb4U=,aeaCGpync43lpZFdnITwHRD/L4U=
17,-23,upnxYdScEufViEY32lcL+84gb4U=,aeaCGpync43lpZFdnITwHRD/L4U=
16,-23,upnxYdScEufViEY32lcL+84gb4U=,aeaCGpync43lpZFdnITwHRD/L4U=
17,-25,upnxYdScEufViEY32lcL+84gb4U=,BW8zNI+da0pLPX/Xy3MzHhEAH/U=
20,-23,upnxYdScEufViEY32lcL+84gb4U=,aeaCGpync43lpZFdnITwHRD/L4U=
19,-20,upnxYdScEufViEY32lcL+84gb4U=,aeaCGpync43lpZFdnITwHRD/L4U=
22,-19,upnxYdScEufViEY32lcL+84gb4U=,aeaCGpync43lpZFdnITwHRD/L4U=
19,-25,upnxYdScEufViEY32lcL+84gb4U=,BW8zNI+da0pLPX/Xy3MzHhEAH/U=
19,-22,upnxYdScEufViEY32lcL+84gb4U=,aeaCGpync43lpZFdnITwHRD/L4U=
20,-20,upnxYdScEufViEY32lcL+84gb4U=,aeaCGpync43lpZFdnITwHRD/L4U=
21,-19,upnxYdScEufViEY32lcL+84gb4U=,aeaCGpync43lpZFdnITwHRD/L4U=
21,-20,upnxYdScEufViEY32lcL+84gb4U=,aeaCGpync43lpZFdnITwHRD/L4U=
22,-20,upnxYdScEufViEY32lcL+84gb4U=,aeaCGpync43lpZFdnITwHRD/L4U=
23,-20,upnxYdScEufViEY32lcL+84gb4U=,aeaCGpync43lpZFdnITwHRD/L4U=
16,-19,upnxYdScEufViEY32lcL+84gb4U=,aeaCGpync43lpZFdnITwHRD/L4U=
17,-18,upnxYdScEufViEY32lcL+84gb4U=,aeaCGpync43lpZFdnITwHRD/L4U=
17,-19,upnxYdScEufViEY32lcL+84gb4U=,aeaCGpync43lpZFdnITwHRD/L4U=
18,-18,upnxYdScEufViEY32lcL+84gb4U=,aeaCGpync43lpZFdnITwHRD/L4U=
23,-24,upnxYdScEufViEY32lcL+84gb4U=,aeaCGpync43lpZFdnITwHRD/L4U=
20,-19,upnxYdScEufViEY32lcL+84gb4U=,aeaCGpync43lpZFdnITwHRD/L4U=
22,-24,upnxYdScEufViEY32lcL+84gb4U=,aeaCGpync43lpZFdnITwHRD/L4U=
18,-24,upnxYdScEufViEY32lcL+84gb4U=,aeaCGpync43lpZFdnITwHRD/L4U=
17,-24,upnxYdScEufViEY32lcL+84gb4U=,aeaCGpync43lpZFdnITwHRD/L4U=
19,-19,upnxYdScEufViEY32lcL+84gb4U=,aeaCGpync43lpZFdnITwHRD/L4U=
16,-24,upnxYdScEufViEY32lcL+84gb4U=,aeaCGpync43lpZFdnITwHRD/L4U=
24,-20,upnxYdScEufViEY32lcL+84gb4U=,pr7gYwzGl6hwJ7p86qtPzg+1iqw=
16,-25,upnxYdScEufViEY32lcL+84gb4U=,BW8zNI+da0pLPX/Xy3MzHhEAH/U=
22,-23,upnxYdScEufViEY32lcL+84gb4U=,aeaCGpync43lpZFdnITwHRD/L4U=
18,-19,upnxYdScEufViEY32lcL+84gb4U=,aeaCGpync43lpZFdnITwHRD/L4U=
19,-24,upnxYdScEufViEY32lcL+84gb4U=,aeaCGpync43lpZFdnITwHRD/L4U=
24,-22,upnxYdScEufViEY32lcL+84gb4U=,pr7gYwzGl6hwJ7p86qtPzg+1iqw=
19,-23,upnxYdScEufViEY32lcL+84gb4U=,aeaCGpync43lpZFdnITwHRD/L4U=
21,-24,upnxYdScEufViEY32lcL+84gb4U=,aeaCGpync43lpZFdnITwHRD/L4U=
20,-24,upnxYdScEufViEY32lcL+84gb4U=,aeaCGpync43lpZFdnITwHRD/L4U=
12,-21,OMBz1u4KJz4J0aUJLiVSq2idTII=,EtI4YjYGaELouTcvfJEnFpYYUMc=
10,-23,OMBz1u4KJz4J0aUJLiVSq2idTII=,EtI4YjYGaELouTcvfJEnFpYYUMc=
13,-21,OMBz1u4KJz4J0aUJLiVSq2idTII=,EtI4YjYGaELouTcvfJEnFpYYUMc=
15,-17,OMBz1u4KJz4J0aUJLiVSq2idTII=,EtI4YjYGaELouTcvfJEnFpYYUMc=
14,-17,OMBz1u4KJz4J0aUJLiVSq2idTII=,EtI4YjYGaELouTcvfJEnFpYYUMc=
13,-17,OMBz1u4KJz4J0aUJLiVSq2idTII=,EtI4YjYGaELouTcvfJEnFpYYUMc=
11,-21,OMBz1u4KJz4J0aUJLiVSq2idTII=,EtI4YjYGaELouTcvfJEnFpYYUMc=
12,-17,OMBz1u4KJz4J0aUJLiVSq2idTII=,EtI4YjYGaELouTcvfJEnFpYYUMc=
11,-17,OMBz1u4KJz4J0aUJLiVSq2idTII=,EtI4YjYGaELouTcvfJEnFpYYUMc=
10,-17,OMBz1u4KJz4J0aUJLiVSq2idTII=,EtI4YjYGaELouTcvfJEnFpYYUMc=
9,-17,OMBz1u4KJz4J0aUJLiVSq2idTII=,EtI4YjYGaELouTcvfJEnFpYYUMc=
13,-22,OMBz1u4KJz4J0aUJLiVSq2idTII=,EtI4YjYGaELouTcvfJEnFpYYUMc=
15,-18,OMBz1u4KJz4J0aUJLiVSq2idTII=,EtI4YjYGaELouTcvfJEnFpYYUMc=
11,-24,OMBz1u4KJz4J0aUJLiVSq2idTII=,EtI4YjYGaELouTcvfJEnFpYYUMc=
14,-18,OMBz1u4KJz4J0aUJLiVSq2idTII=,EtI4YjYGaELouTcvfJEnFpYYUMc=
10,-24,OMBz1u4KJz4J0aUJLiVSq2idTII=,EtI4YjYGaELouTcvfJEnFpYYUMc=
15,-23,OMBz1u4KJz4J0aUJLiVSq2idTII=,EtI4YjYGaELouTcvfJEnFpYYUMc=
10,-21,OMBz1u4KJz4J0aUJLiVSq2idTII=,EtI4YjYGaELouTcvfJEnFpYYUMc=
13,-18,OMBz1u4KJz4J0aUJLiVSq2idTII=,EtI4YjYGaELouTcvfJEnFpYYUMc=
9,-24,OMBz1u4KJz4J0aUJLiVSq2idTII=,EtI4YjYGaELouTcvfJEnFpYYUMc=
12,-18,OMBz1u4KJz4J0aUJLiVSq2idTII=,EtI4YjYGaELouTcvfJEnFpYYUMc=
14,-23,OMBz1u4KJz4J0aUJLiVSq2idTII=,EtI4YjYGaELouTcvfJEnFpYYUMc=
9,-23,OMBz1u4KJz4J0aUJLiVSq2idTII=,EtI4YjYGaELouTcvfJEnFpYYUMc=
9,-21,OMBz1u4KJz4J0aUJLiVSq2idTII=,EtI4YjYGaELouTcvfJEnFpYYUMc=
11,-18,OMBz1u4KJz4J0aUJLiVSq2idTII=,EtI4YjYGaELouTcvfJEnFpYYUMc=
10,-18,OMBz1u4KJz4J0aUJLiVSq2idTII=,EtI4YjYGaELouTcvfJEnFpYYUMc=
15,-24,OMBz1u4KJz4J0aUJLiVSq2idTII=,EtI4YjYGaELouTcvfJEnFpYYUMc=
14,-24,OMBz1u4KJz4J0aUJLiVSq2idTII=,EtI4YjYGaELouTcvfJEnFpYYUMc=
13,-24,OMBz1u4KJz4J0aUJLiVSq2idTII=,EtI4YjYGaELouTcvfJEnFpYYUMc=
12,-24,OMBz1u4KJz4J0aUJLiVSq2idTII=,EtI4YjYGaELouTcvfJEnFpYYUMc=
13,-23,OMBz1u4KJz4J0aUJLiVSq2idTII=,EtI4YjYGaELouTcvfJEnFpYYUMc=
9,-18,OMBz1u4KJz4J0aUJLiVSq2idTII=,EtI4YjYGaELouTcvfJEnFpYYUMc=
15,-19,OMBz1u4KJz4J0aUJLiVSq2idTII=,EtI4YjYGaELouTcvfJEnFpYYUMc=
14,-19,OMBz1u4KJz4J0aUJLiVSq2idTII=,EtI4YjYGaELouTcvfJEnFpYYUMc=
13,-19,OMBz1u4KJz4J0aUJLiVSq2idTII=,EtI4YjYGaELouTcvfJEnFpYYUMc=
11,-19,OMBz1u4KJz4J0aUJLiVSq2idTII=,EtI4YjYGaELouTcvfJEnFpYYUMc=
12,-19,OMBz1u4KJz4J0aUJLiVSq2idTII=,EtI4YjYGaELouTcvfJEnFpYYUMc=
10,-19,OMBz1u4KJz4J0aUJLiVSq2idTII=,EtI4YjYGaELouTcvfJEnFpYYUMc=
12,-22,OMBz1u4KJz4J0aUJLiVSq2idTII=,EtI4YjYGaELouTcvfJEnFpYYUMc=
9,-19,OMBz1u4KJz4J0aUJLiVSq2idTII=,EtI4YjYGaELouTcvfJEnFpYYUMc=
12,-23,OMBz1u4KJz4J0aUJLiVSq2idTII=,EtI4YjYGaELouTcvfJEnFpYYUMc=
15,-20,OMBz1u4KJz4J0aUJLiVSq2idTII=,EtI4YjYGaELouTcvfJEnFpYYUMc=
15,-22,OMBz1u4KJz4J0aUJLiVSq2idTII=,EtI4YjYGaELouTcvfJEnFpYYUMc=
14,-20,OMBz1u4KJz4J0aUJLiVSq2idTII=,EtI4YjYGaELouTcvfJEnFpYYUMc=
11,-22,OMBz1u4KJz4J0aUJLiVSq2idTII=,EtI4YjYGaELouTcvfJEnFpYYUMc=
14,-22,OMBz1u4KJz4J0aUJLiVSq2idTII=,EtI4YjYGaELouTcvfJEnFpYYUMc=
13,-20,OMBz1u4KJz4J0aUJLiVSq2idTII=,EtI4YjYGaELouTcvfJEnFpYYUMc=
12,-20,OMBz1u4KJz4J0aUJLiVSq2idTII=,EtI4YjYGaELouTcvfJEnFpYYUMc=
11,-20,OMBz1u4KJz4J0aUJLiVSq2idTII=,EtI4YjYGaELouTcvfJEnFpYYUMc=
11,-23,OMBz1u4KJz4J0aUJLiVSq2idTII=,EtI4YjYGaELouTcvfJEnFpYYUMc=
10,-20,OMBz1u4KJz4J0aUJLiVSq2idTII=,EtI4YjYGaELouTcvfJEnFpYYUMc=
9,-20,OMBz1u4KJz4J0aUJLiVSq2idTII=,EtI4YjYGaELouTcvfJEnFpYYUMc=
15,-21,OMBz1u4KJz4J0aUJLiVSq2idTII=,EtI4YjYGaELouTcvfJEnFpYYUMc=
10,-22,OMBz1u4KJz4J0aUJLiVSq2idTII=,EtI4YjYGaELouTcvfJEnFpYYUMc=
9,-22,OMBz1u4KJz4J0aUJLiVSq2idTII=,EtI4YjYGaELouTcvfJEnFpYYUMc=
14,-21,OMBz1u4KJz4J0aUJLiVSq2idTII=,EtI4YjYGaELouTcvfJEnFpYYUMc=
6,-17,OMBz1u4KJz4J0aUJLiVSq2idTII=,znlHwOye/Hp4kYMOSSEjpfbDg0o=
7,-17,OMBz1u4KJz4J0aUJLiVSq2idTII=,znlHwOye/Hp4kYMOSSEjpfbDg0o=
5,-17,OMBz1u4KJz4J0aUJLiVSq2idTII=,znlHwOye/Hp4kYMOSSEjpfbDg0o=
4,-21,OMBz1u4KJz4J0aUJLiVSq2idTII=,znlHwOye/Hp4kYMOSSEjpfbDg0o=
4,-17,OMBz1u4KJz4J0aUJLiVSq2idTII=,znlHwOye/Hp4kYMOSSEjpfbDg0o=
5,-21,OMBz1u4KJz4J0aUJLiVSq2idTII=,znlHwOye/Hp4kYMOSSEjpfbDg0o=
6,-21,OMBz1u4KJz4J0aUJLiVSq2idTII=,znlHwOye/Hp4kYMOSSEjpfbDg0o=
7,-21,OMBz1u4KJz4J0aUJLiVSq2idTII=,znlHwOye/Hp4kYMOSSEjpfbDg0o=
8,-22,OMBz1u4KJz4J0aUJLiVSq2idTII=,EtI4YjYGaELouTcvfJEnFpYYUMc=
8,-20,OMBz1u4KJz4J0aUJLiVSq2idTII=,EtI4YjYGaELouTcvfJEnFpYYUMc=
8,-19,OMBz1u4KJz4J0aUJLiVSq2idTII=,EtI4YjYGaELouTcvfJEnFpYYUMc=
0,-20,OMBz1u4KJz4J0aUJLiVSq2idTII=,znlHwOye/Hp4kYMOSSEjpfbDg0o=
1,-20,OMBz1u4KJz4J0aUJLiVSq2idTII=,znlHwOye/Hp4kYMOSSEjpfbDg0o=
2,-20,OMBz1u4KJz4J0aUJLiVSq2idTII=,znlHwOye/Hp4kYMOSSEjpfbDg0o=
8,-21,OMBz1u4KJz4J0aUJLiVSq2idTII=,EtI4YjYGaELouTcvfJEnFpYYUMc=
3,-20,OMBz1u4KJz4J0aUJLiVSq2idTII=,znlHwOye/Hp4kYMOSSEjpfbDg0o=
4,-20,OMBz1u4KJz4J0aUJLiVSq2idTII=,znlHwOye/Hp4kYMOSSEjpfbDg0o=
5,-20,OMBz1u4KJz4J0aUJLiVSq2idTII=,znlHwOye/Hp4kYMOSSEjpfbDg0o=
8,-18,OMBz1u4KJz4J0aUJLiVSq2idTII=,EtI4YjYGaELouTcvfJEnFpYYUMc=
6,-20,OMBz1u4KJz4J0aUJLiVSq2idTII=,znlHwOye/Hp4kYMOSSEjpfbDg0o=
8,-24,OMBz1u4KJz4J0aUJLiVSq2idTII=,EtI4YjYGaELouTcvfJEnFpYYUMc=
7,-20,OMBz1u4KJz4J0aUJLiVSq2idTII=,znlHwOye/Hp4kYMOSSEjpfbDg0o=
8,-17,OMBz1u4KJz4J0aUJLiVSq2idTII=,EtI4YjYGaELouTcvfJEnFpYYUMc=
2,-21,OMBz1u4KJz4J0aUJLiVSq2idTII=,znlHwOye/Hp4kYMOSSEjpfbDg0o=
1,-21,OMBz1u4KJz4J0aUJLiVSq2idTII=,znlHwOye/Hp4kYMOSSEjpfbDg0o=
0,-21,OMBz1u4KJz4J0aUJLiVSq2idTII=,znlHwOye/Hp4kYMOSSEjpfbDg0o=
3,-21,OMBz1u4KJz4J0aUJLiVSq2idTII=,znlHwOye/Hp4kYMOSSEjpfbDg0o=
6,-22,OMBz1u4KJz4J0aUJLiVSq2idTII=,znlHwOye/Hp4kYMOSSEjpfbDg0o=
7,-22,OMBz1u4KJz4J0aUJLiVSq2idTII=,znlHwOye/Hp4kYMOSSEjpfbDg0o=
5,-22,OMBz1u4KJz4J0aUJLiVSq2idTII=,znlHwOye/Hp4kYMOSSEjpfbDg0o=
7,-18,OMBz1u4KJz4J0aUJLiVSq2idTII=,znlHwOye/Hp4kYMOSSEjpfbDg0o=
4,-22,OMBz1u4KJz4J0aUJLiVSq2idTII=,znlHwOye/Hp4kYMOSSEjpfbDg0o=
3,-22,OMBz1u4KJz4J0aUJLiVSq2idTII=,znlHwOye/Hp4kYMOSSEjpfbDg0o=
6,-18,OMBz1u4KJz4J0aUJLiVSq2idTII=,znlHwOye/Hp4kYMOSSEjpfbDg0o=
2,-22,OMBz1u4KJz4J0aUJLiVSq2idTII=,znlHwOye/Hp4kYMOSSEjpfbDg0o=
5,-18,OMBz1u4KJz4J0aUJLiVSq2idTII=,znlHwOye/Hp4kYMOSSEjpfbDg0o=
4,-18,OMBz1u4KJz4J0aUJLiVSq2idTII=,znlHwOye/Hp4kYMOSSEjpfbDg0o=
1,-22,OMBz1u4KJz4J0aUJLiVSq2idTII=,znlHwOye/Hp4kYMOSSEjpfbDg0o=
0,-22,OMBz1u4KJz4J0aUJLiVSq2idTII=,znlHwOye/Hp4kYMOSSEjpfbDg0o=
7,-23,OMBz1u4KJz4J0aUJLiVSq2idTII=,znlHwOye/Hp4kYMOSSEjpfbDg0o=
6,-23,OMBz1u4KJz4J0aUJLiVSq2idTII=,znlHwOye/Hp4kYMOSSEjpfbDg0o=
5,-23,OMBz1u4KJz4J0aUJLiVSq2idTII=,znlHwOye/Hp4kYMOSSEjpfbDg0o=
3,-18,OMBz1u4KJz4J0aUJLiVSq2idTII=,znlHwOye/Hp4kYMOSSEjpfbDg0o=
4,-23,OMBz1u4KJz4J0aUJLiVSq2idTII=,znlHwOye/Hp4kYMOSSEjpfbDg0o=
3,-17,OMBz1u4KJz4J0aUJLiVSq2idTII=,znlHwOye/Hp4kYMOSSEjpfbDg0o=
3,-23,OMBz1u4KJz4J0aUJLiVSq2idTII=,znlHwOye/Hp4kYMOSSEjpfbDg0o=
2,-23,OMBz1u4KJz4J0aUJLiVSq2idTII=,znlHwOye/Hp4kYMOSSEjpfbDg0o=
1,-23,OMBz1u4KJz4J0aUJLiVSq2idTII=,znlHwOye/Hp4kYMOSSEjpfbDg0o=
0,-23,OMBz1u4KJz4J0aUJLiVSq2idTII=,znlHwOye/Hp4kYMOSSEjpfbDg0o=
0,-19,OMBz1u4KJz4J0aUJLiVSq2idTII=,znlHwOye/Hp4kYMOSSEjpfbDg0o=
1,-19,OMBz1u4KJz4J0aUJLiVSq2idTII=,znlHwOye/Hp4kYMOSSEjpfbDg0o=
2,-19,OMBz1u4KJz4J0aUJLiVSq2idTII=,znlHwOye/Hp4kYMOSSEjpfbDg0o=
0,-24,OMBz1u4KJz4J0aUJLiVSq2idTII=,znlHwOye/Hp4kYMOSSEjpfbDg0o=
1,-24,OMBz1u4KJz4J0aUJLiVSq2idTII=,znlHwOye/Hp4kYMOSSEjpfbDg0o=
2,-24,OMBz1u4KJz4J0aUJLiVSq2idTII=,znlHwOye/Hp4kYMOSSEjpfbDg0o=
3,-24,OMBz1u4KJz4J0aUJLiVSq2idTII=,znlHwOye/Hp4kYMOSSEjpfbDg0o=
7,-24,OMBz1u4KJz4J0aUJLiVSq2idTII=,znlHwOye/Hp4kYMOSSEjpfbDg0o=
2,-17,OMBz1u4KJz4J0aUJLiVSq2idTII=,znlHwOye/Hp4kYMOSSEjpfbDg0o=
8,-23,OMBz1u4KJz4J0aUJLiVSq2idTII=,EtI4YjYGaELouTcvfJEnFpYYUMc=
6,-24,OMBz1u4KJz4J0aUJLiVSq2idTII=,znlHwOye/Hp4kYMOSSEjpfbDg0o=
3,-19,OMBz1u4KJz4J0aUJLiVSq2idTII=,znlHwOye/Hp4kYMOSSEjpfbDg0o=
5,-24,OMBz1u4KJz4J0aUJLiVSq2idTII=,znlHwOye/Hp4kYMOSSEjpfbDg0o=
4,-19,OMBz1u4KJz4J0aUJLiVSq2idTII=,znlHwOye/Hp4kYMOSSEjpfbDg0o=
7,-19,OMBz1u4KJz4J0aUJLiVSq2idTII=,znlHwOye/Hp4kYMOSSEjpfbDg0o=
5,-19,OMBz1u4KJz4J0aUJLiVSq2idTII=,znlHwOye/Hp4kYMOSSEjpfbDg0o=
4,-24,OMBz1u4KJz4J0aUJLiVSq2idTII=,znlHwOye/Hp4kYMOSSEjpfbDg0o=
6,-19,OMBz1u4KJz4J0aUJLiVSq2idTII=,znlHwOye/Hp4kYMOSSEjpfbDg0o=
0,-18,OMBz1u4KJz4J0aUJLiVSq2idTII=,znlHwOye/Hp4kYMOSSEjpfbDg0o=
1,-17,OMBz1u4KJz4J0aUJLiVSq2idTII=,znlHwOye/Hp4kYMOSSEjpfbDg0o=
0,-17,OMBz1u4KJz4J0aUJLiVSq2idTII=,znlHwOye/Hp4kYMOSSEjpfbDg0o=
2,-18,OMBz1u4KJz4J0aUJLiVSq2idTII=,znlHwOye/Hp4kYMOSSEjpfbDg0o=
1,-18,OMBz1u4KJz4J0aUJLiVSq2idTII=,znlHwOye/Hp4kYMOSSEjpfbDg0o=
4,-11,DDlFCDlzWk35i049HucWAxYLY6Q=,xBddWiw7KkNNdr6BomYGJMVVCn4=
5,-11,DDlFCDlzWk35i049HucWAxYLY6Q=,xBddWiw7KkNNdr6BomYGJMVVCn4=
6,-11,DDlFCDlzWk35i049HucWAxYLY6Q=,xBddWiw7KkNNdr6BomYGJMVVCn4=
1,-10,DDlFCDlzWk35i049HucWAxYLY6Q=,xBddWiw7KkNNdr6BomYGJMVVCn4=
3,-11,DDlFCDlzWk35i049HucWAxYLY6Q=,xBddWiw7KkNNdr6BomYGJMVVCn4=
2,-11,DDlFCDlzWk35i049HucWAxYLY6Q=,xBddWiw7KkNNdr6BomYGJMVVCn4=
1,-15,DDlFCDlzWk35i049HucWAxYLY6Q=,xBddWiw7KkNNdr6BomYGJMVVCn4=
2,-10,DDlFCDlzWk35i049HucWAxYLY6Q=,xBddWiw7KkNNdr6BomYGJMVVCn4=
1,-11,DDlFCDlzWk35i049HucWAxYLY6Q=,xBddWiw7KkNNdr6BomYGJMVVCn4=
6,-12,DDlFCDlzWk35i049HucWAxYLY6Q=,xBddWiw7KkNNdr6BomYGJMVVCn4=
5,-12,DDlFCDlzWk35i049HucWAxYLY6Q=,xBddWiw7KkNNdr6BomYGJMVVCn4=
4,-12,DDlFCDlzWk35i049HucWAxYLY6Q=,xBddWiw7KkNNdr6BomYGJMVVCn4=
2,-12,DDlFCDlzWk35i049HucWAxYLY6Q=,xBddWiw7KkNNdr6BomYGJMVVCn4=
1,-12,DDlFCDlzWk35i049HucWAxYLY6Q=,xBddWiw7KkNNdr6BomYGJMVVCn4=
6,-13,DDlFCDlzWk35i049HucWAxYLY6Q=,xBddWiw7KkNNdr6BomYGJMVVCn4=
5,-13,DDlFCDlzWk35i049HucWAxYLY6Q=,xBddWiw7KkNNdr6BomYGJMVVCn4=
4,-13,DDlFCDlzWk35i049HucWAxYLY6Q=,xBddWiw7KkNNdr6BomYGJMVVCn4=
3,-12,DDlFCDlzWk35i049HucWAxYLY6Q=,xBddWiw7KkNNdr6BomYGJMVVCn4=
3,-13,DDlFCDlzWk35i049HucWAxYLY6Q=,xBddWiw7KkNNdr6BomYGJMVVCn4=
1,-13,DDlFCDlzWk35i049HucWAxYLY6Q=,xBddWiw7KkNNdr6BomYGJMVVCn4=
6,-14,DDlFCDlzWk35i049HucWAxYLY6Q=,xBddWiw7KkNNdr6BomYGJMVVCn4=
5,-14,DDlFCDlzWk35i049HucWAxYLY6Q=,xBddWiw7KkNNdr6BomYGJMVVCn4=
2,-13,DDlFCDlzWk35i049HucWAxYLY6Q=,xBddWiw7KkNNdr6BomYGJMVVCn4=
4,-14,DDlFCDlzWk35i049HucWAxYLY6Q=,xBddWiw7KkNNdr6BomYGJMVVCn4=
3,-14,DDlFCDlzWk35i049HucWAxYLY6Q=,xBddWiw7KkNNdr6BomYGJMVVCn4=
2,-14,DDlFCDlzWk35i049HucWAxYLY6Q=,xBddWiw7KkNNdr6BomYGJMVVCn4=
6,-15,DDlFCDlzWk35i049HucWAxYLY6Q=,xBddWiw7KkNNdr6BomYGJMVVCn4=
5,-15,DDlFCDlzWk35i049HucWAxYLY6Q=,xBddWiw7KkNNdr6BomYGJMVVCn4=
1,-14,DDlFCDlzWk35i049HucWAxYLY6Q=,xBddWiw7KkNNdr6BomYGJMVVCn4=
4,-15,DDlFCDlzWk35i049HucWAxYLY6Q=,xBddWiw7KkNNdr6BomYGJMVVCn4=
6,-10,DDlFCDlzWk35i049HucWAxYLY6Q=,xBddWiw7KkNNdr6BomYGJMVVCn4=
3,-15,DDlFCDlzWk35i049HucWAxYLY6Q=,xBddWiw7KkNNdr6BomYGJMVVCn4=
5,-10,DDlFCDlzWk35i049HucWAxYLY6Q=,xBddWiw7KkNNdr6BomYGJMVVCn4=
4,-10,DDlFCDlzWk35i049HucWAxYLY6Q=,xBddWiw7KkNNdr6BomYGJMVVCn4=
3,-10,DDlFCDlzWk35i049HucWAxYLY6Q=,xBddWiw7KkNNdr6BomYGJMVVCn4=
2,-15,DDlFCDlzWk35i049HucWAxYLY6Q=,xBddWiw7KkNNdr6BomYGJMVVCn4=
12,-13,DDlFCDlzWk35i049HucWAxYLY6Q=,AEH3JZwGWGb4pF3y9UaWPHx+k0k=
13,-13,DDlFCDlzWk35i049HucWAxYLY6Q=,AEH3JZwGWGb4pF3y9UaWPHx+k0k=
9,-16,DDlFCDlzWk35i049HucWAxYLY6Q=,AEH3JZwGWGb4pF3y9UaWPHx+k0k=
14,-13,DDlFCDlzWk35i049HucWAxYLY6Q=,AEH3JZwGWGb4pF3y9UaWPHx+k0k=
15,-13,DDlFCDlzWk35i049HucWAxYLY6Q=,AEH3JZwGWGb4pF3y9UaWPHx+k0k=
7,-11,DDlFCDlzWk35i049HucWAxYLY6Q=,xBddWiw7KkNNdr6BomYGJMVVCn4=
8,-12,DDlFCDlzWk35i049HucWAxYLY6Q=,AEH3JZwGWGb4pF3y9UaWPHx+k0k=
7,-10,DDlFCDlzWk35i049HucWAxYLY6Q=,xBddWiw7KkNNdr6BomYGJMVVCn4=
9,-12,DDlFCDlzWk35i049HucWAxYLY6Q=,AEH3JZwGWGb4pF3y9UaWPHx+k0k=
10,-12,DDlFCDlzWk35i049HucWAxYLY6Q=,AEH3JZwGWGb4pF3y9UaWPHx+k0k=
11,-12,DDlFCDlzWk35i049HucWAxYLY6Q=,AEH3JZwGWGb4pF3y9UaWPHx+k0k=
8,-15,DDlFCDlzWk35i049HucWAxYLY6Q=,AEH3JZwGWGb4pF3y9UaWPHx+k0k=
12,-12,DDlFCDlzWk35i049HucWAxYLY6Q=,AEH3JZwGWGb4pF3y9UaWPHx+k0k=
9,-15,DDlFCDlzWk35i049HucWAxYLY6Q=,AEH3JZwGWGb4pF3y9UaWPHx+k0k=
10,-15,DDlFCDlzWk35i049HucWAxYLY6Q=,AEH3JZwGWGb4pF3y9UaWPHx+k0k=
7,-15,DDlFCDlzWk35i049HucWAxYLY6Q=,xBddWiw7KkNNdr6BomYGJMVVCn4=
11,-15,DDlFCDlzWk35i049HucWAxYLY6Q=,AEH3JZwGWGb4pF3y9UaWPHx+k0k=
12,-15,DDlFCDlzWk35i049HucWAxYLY6Q=,AEH3JZwGWGb4pF3y9UaWPHx+k0k=
13,-15,DDlFCDlzWk35i049HucWAxYLY6Q=,AEH3JZwGWGb4pF3y9UaWPHx+k0k=
14,-15,DDlFCDlzWk35i049HucWAxYLY6Q=,AEH3JZwGWGb4pF3y9UaWPHx+k0k=
13,-12,DDlFCDlzWk35i049HucWAxYLY6Q=,AEH3JZwGWGb4pF3y9UaWPHx+k0k=
14,-12,DDlFCDlzWk35i049HucWAxYLY6Q=,AEH3JZwGWGb4pF3y9UaWPHx+k0k=
15,-15,DDlFCDlzWk35i049HucWAxYLY6Q=,AEH3JZwGWGb4pF3y9UaWPHx+k0k=
8,-14,DDlFCDlzWk35i049HucWAxYLY6Q=,AEH3JZwGWGb4pF3y9UaWPHx+k0k=
9,-14,DDlFCDlzWk35i049HucWAxYLY6Q=,AEH3JZwGWGb4pF3y9UaWPHx+k0k=
10,-14,DDlFCDlzWk35i049HucWAxYLY6Q=,AEH3JZwGWGb4pF3y9UaWPHx+k0k=
11,-14,DDlFCDlzWk35i049HucWAxYLY6Q=,AEH3JZwGWGb4pF3y9UaWPHx+k0k=
12,-14,DDlFCDlzWk35i049HucWAxYLY6Q=,AEH3JZwGWGb4pF3y9UaWPHx+k0k=
15,-12,DDlFCDlzWk35i049HucWAxYLY6Q=,AEH3JZwGWGb4pF3y9UaWPHx+k0k=
8,-11,DDlFCDlzWk35i049HucWAxYLY6Q=,AEH3JZwGWGb4pF3y9UaWPHx+k0k=
9,-11,DDlFCDlzWk35i049HucWAxYLY6Q=,AEH3JZwGWGb4pF3y9UaWPHx+k0k=
10,-11,DDlFCDlzWk35i049HucWAxYLY6Q=,AEH3JZwGWGb4pF3y9UaWPHx+k0k=
13,-14,DDlFCDlzWk35i049HucWAxYLY6Q=,AEH3JZwGWGb4pF3y9UaWPHx+k0k=
11,-11,DDlFCDlzWk35i049HucWAxYLY6Q=,AEH3JZwGWGb4pF3y9UaWPHx+k0k=
12,-11,DDlFCDlzWk35i049HucWAxYLY6Q=,AEH3JZwGWGb4pF3y9UaWPHx+k0k=
13,-11,DDlFCDlzWk35i049HucWAxYLY6Q=,AEH3JZwGWGb4pF3y9UaWPHx+k0k=
14,-11,DDlFCDlzWk35i049HucWAxYLY6Q=,AEH3JZwGWGb4pF3y9UaWPHx+k0k=
7,-14,DDlFCDlzWk35i049HucWAxYLY6Q=,xBddWiw7KkNNdr6BomYGJMVVCn4=
15,-11,DDlFCDlzWk35i049HucWAxYLY6Q=,AEH3JZwGWGb4pF3y9UaWPHx+k0k=
8,-10,DDlFCDlzWk35i049HucWAxYLY6Q=,AEH3JZwGWGb4pF3y9UaWPHx+k0k=
13,-16,DDlFCDlzWk35i049HucWAxYLY6Q=,AEH3JZwGWGb4pF3y9UaWPHx+k0k=
9,-10,DDlFCDlzWk35i049HucWAxYLY6Q=,AEH3JZwGWGb4pF3y9UaWPHx+k0k=
14,-16,DDlFCDlzWk35i049HucWAxYLY6Q=,AEH3JZwGWGb4pF3y9UaWPHx+k0k=
12,-16,DDlFCDlzWk35i049HucWAxYLY6Q=,AEH3JZwGWGb4pF3y9UaWPHx+k0k=
7,-12,DDlFCDlzWk35i049HucWAxYLY6Q=,xBddWiw7KkNNdr6BomYGJMVVCn4=
10,-10,DDlFCDlzWk35i049HucWAxYLY6Q=,AEH3JZwGWGb4pF3y9UaWPHx+k0k=
14,-14,DDlFCDlzWk35i049HucWAxYLY6Q=,AEH3JZwGWGb4pF3y9UaWPHx+k0k=
11,-16,DDlFCDlzWk35i049HucWAxYLY6Q=,AEH3JZwGWGb4pF3y9UaWPHx+k0k=
7,-13,DDlFCDlzWk35i049HucWAxYLY6Q=,xBddWiw7KkNNdr6BomYGJMVVCn4=
11,-10,DDlFCDlzWk35i049HucWAxYLY6Q=,AEH3JZwGWGb4pF3y9UaWPHx+k0k=
12,-10,DDlFCDlzWk35i049HucWAxYLY6Q=,AEH3JZwGWGb4pF3y9UaWPHx+k0k=
13,-10,DDlFCDlzWk35i049HucWAxYLY6Q=,AEH3JZwGWGb4pF3y9UaWPHx+k0k=
10,-13,DDlFCDlzWk35i049HucWAxYLY6Q=,AEH3JZwGWGb4pF3y9UaWPHx+k0k=
14,-10,DDlFCDlzWk35i049HucWAxYLY6Q=,AEH3JZwGWGb4pF3y9UaWPHx+k0k=
15,-10,DDlFCDlzWk35i049HucWAxYLY6Q=,AEH3JZwGWGb4pF3y9UaWPHx+k0k=
9,-13,DDlFCDlzWk35i049HucWAxYLY6Q=,AEH3JZwGWGb4pF3y9UaWPHx+k0k=
8,-13,DDlFCDlzWk35i049HucWAxYLY6Q=,AEH3JZwGWGb4pF3y9UaWPHx+k0k=
10,-16,DDlFCDlzWk35i049HucWAxYLY6Q=,AEH3JZwGWGb4pF3y9UaWPHx+k0k=
15,-14,DDlFCDlzWk35i049HucWAxYLY6Q=,AEH3JZwGWGb4pF3y9UaWPHx+k0k=
11,-13,DDlFCDlzWk35i049HucWAxYLY6Q=,AEH3JZwGWGb4pF3y9UaWPHx+k0k=
0,-10,DDlFCDlzWk35i049HucWAxYLY6Q=,xBddWiw7KkNNdr6BomYGJMVVCn4=
0,-15,DDlFCDlzWk35i049HucWAxYLY6Q=,xBddWiw7KkNNdr6BomYGJMVVCn4=
0,-14,DDlFCDlzWk35i049HucWAxYLY6Q=,xBddWiw7KkNNdr6BomYGJMVVCn4=
0,-13,DDlFCDlzWk35i049HucWAxYLY6Q=,xBddWiw7KkNNdr6BomYGJMVVCn4=
0,-12,DDlFCDlzWk35i049HucWAxYLY6Q=,xBddWiw7KkNNdr6BomYGJMVVCn4=
0,-11,DDlFCDlzWk35i049HucWAxYLY6Q=,xBddWiw7KkNNdr6BomYGJMVVCn4=
1,-16,DDlFCDlzWk35i049HucWAxYLY6Q=,xBddWiw7KkNNdr6BomYGJMVVCn4=
2,-16,DDlFCDlzWk35i049HucWAxYLY6Q=,xBddWiw7KkNNdr6BomYGJMVVCn4=
3,-16,DDlFCDlzWk35i049HucWAxYLY6Q=,xBddWiw7KkNNdr6BomYGJMVVCn4=
4,-16,DDlFCDlzWk35i049HucWAxYLY6Q=,xBddWiw7KkNNdr6BomYGJMVVCn4=
5,-16,DDlFCDlzWk35i049HucWAxYLY6Q=,xBddWiw7KkNNdr6BomYGJMVVCn4=
6,-16,DDlFCDlzWk35i049HucWAxYLY6Q=,xBddWiw7KkNNdr6BomYGJMVVCn4=
7,-16,DDlFCDlzWk35i049HucWAxYLY6Q=,xBddWiw7KkNNdr6BomYGJMVVCn4=
8,-16,DDlFCDlzWk35i049HucWAxYLY6Q=,AEH3JZwGWGb4pF3y9UaWPHx+k0k=
15,-16,DDlFCDlzWk35i049HucWAxYLY6Q=,AEH3JZwGWGb4pF3y9UaWPHx+k0k=
0,-16,DDlFCDlzWk35i049HucWAxYLY6Q=,xBddWiw7KkNNdr6BomYGJMVVCn4=
11,-3,YCYayydjqmX0UYTvgwfMljWgJ7k=,Q+MXH/PR2+UZs9XXkU7eile1ZgQ=
13,-4,YCYayydjqmX0UYTvgwfMljWgJ7k=,Q+MXH/PR2+UZs9XXkU7eile1ZgQ=
12,-3,YCYayydjqmX0UYTvgwfMljWgJ7k=,Q+MXH/PR2+UZs9XXkU7eile1ZgQ=
11,-8,YCYayydjqmX0UYTvgwfMljWgJ7k=,Q+MXH/PR2+UZs9XXkU7eile1ZgQ=
13,-3,YCYayydjqmX0UYTvgwfMljWgJ7k=,Q+MXH/PR2+UZs9XXkU7eile1ZgQ=
10,-3,YCYayydjqmX0UYTvgwfMljWgJ7k=,Q+MXH/PR2+UZs9XXkU7eile1ZgQ=
9,-3,YCYayydjqmX0UYTvgwfMljWgJ7k=,Q+MXH/PR2+UZs9XXkU7eile1ZgQ=
12,-4,YCYayydjqmX0UYTvgwfMljWgJ7k=,Q+MXH/PR2+UZs9XXkU7eile1ZgQ=
14,-3,YCYayydjqmX0UYTvgwfMljWgJ7k=,Q+MXH/PR2+UZs9XXkU7eile1ZgQ=
11,-4,YCYayydjqmX0UYTvgwfMljWgJ7k=,Q+MXH/PR2+UZs9XXkU7eile1ZgQ=
15,-4,YCYayydjqmX0UYTvgwfMljWgJ7k=,Q+MXH/PR2+UZs9XXkU7eile1ZgQ=
10,-4,YCYayydjqmX0UYTvgwfMljWgJ7k=,Q+MXH/PR2+UZs9XXkU7eile1ZgQ=
15,-3,YCYayydjqmX0UYTvgwfMljWgJ7k=,Q+MXH/PR2+UZs9XXkU7eile1ZgQ=
9,-4,YCYayydjqmX0UYTvgwfMljWgJ7k=,Q+MXH/PR2+UZs9XXkU7eile1ZgQ=
15,-5,YCYayydjqmX0UYTvgwfMljWgJ7k=,Q+MXH/PR2+UZs9XXkU7eile1ZgQ=
13,-9,YCYayydjqmX0UYTvgwfMljWgJ7k=,AEH3JZwGWGb4pF3y9UaWPHx+k0k=
14,-9,YCYayydjqmX0UYTvgwfMljWgJ7k=,AEH3JZwGWGb4pF3y9UaWPHx+k0k=
14,-5,YCYayydjqmX0UYTvgwfMljWgJ7k=,Q+MXH/PR2+UZs9XXkU7eile1ZgQ=
9,-2,YCYayydjqmX0UYTvgwfMljWgJ7k=,Q+MXH/PR2+UZs9XXkU7eile1ZgQ=
12,-9,YCYayydjqmX0UYTvgwfMljWgJ7k=,AEH3JZwGWGb4pF3y9UaWPHx+k0k=
14,-4,YCYayydjqmX0UYTvgwfMljWgJ7k=,Q+MXH/PR2+UZs9XXkU7eile1ZgQ=
10,-8,YCYayydjqmX0UYTvgwfMljWgJ7k=,Q+MXH/PR2+UZs9XXkU7eile1ZgQ=
15,-9,YCYayydjqmX0UYTvgwfMljWgJ7k=,AEH3JZwGWGb4pF3y9UaWPHx+k0k=
10,-2,YCYayydjqmX0UYTvgwfMljWgJ7k=,Q+MXH/PR2+UZs9XXkU7eile1ZgQ=
11,-9,YCYayydjqmX0UYTvgwfMljWgJ7k=,AEH3JZwGWGb4pF3y9UaWPHx+k0k=
13,-5,YCYayydjqmX0UYTvgwfMljWgJ7k=,Q+MXH/PR2+UZs9XXkU7eile1ZgQ=
15,-7,YCYayydjqmX0UYTvgwfMljWgJ7k=,Q+MXH/PR2+UZs9XXkU7eile1ZgQ=
9,-9,YCYayydjqmX0UYTvgwfMljWgJ7k=,AEH3JZwGWGb4pF3y9UaWPHx+k0k=
15,-8,YCYayydjqmX0UYTvgwfMljWgJ7k=,Q+MXH/PR2+UZs9XXkU7eile1ZgQ=
14,-8,YCYayydjqmX0UYTvgwfMljWgJ7k=,Q+MXH/PR2+UZs9XXkU7eile1ZgQ=
12,-5,YCYayydjqmX0UYTvgwfMljWgJ7k=,Q+MXH/PR2+UZs9XXkU7eile1ZgQ=
10,-9,YCYayydjqmX0UYTvgwfMljWgJ7k=,AEH3JZwGWGb4pF3y9UaWPHx+k0k=
10,-7,YCYayydjqmX0UYTvgwfMljWgJ7k=,Q+MXH/PR2+UZs9XXkU7eile1ZgQ=
15,-6,YCYayydjqmX0UYTvgwfMljWgJ7k=,Q+MXH/PR2+UZs9XXkU7eile1ZgQ=
14,-6,YCYayydjqmX0UYTvgwfMljWgJ7k=,Q+MXH/PR2+UZs9XXkU7eile1ZgQ=
13,-6,YCYayydjqmX0UYTvgwfMljWgJ7k=,Q+MXH/PR2+UZs9XXkU7eile1ZgQ=
11,-6,YCYayydjqmX0UYTvgwfMljWgJ7k=,Q+MXH/PR2+UZs9XXkU7eile1ZgQ=
9,-6,YCYayydjqmX0UYTvgwfMljWgJ7k=,Q+MXH/PR2+UZs9XXkU7eile1ZgQ=
11,-2,YCYayydjqmX0UYTvgwfMljWgJ7k=,Q+MXH/PR2+UZs9XXkU7eile1ZgQ=
12,-2,YCYayydjqmX0UYTvgwfMljWgJ7k=,Q+MXH/PR2+UZs9XXkU7eile1ZgQ=
13,-2,YCYayydjqmX0UYTvgwfMljWgJ7k=,Q+MXH/PR2+UZs9XXkU7eile1ZgQ=
12,-6,YCYayydjqmX0UYTvgwfMljWgJ7k=,Q+MXH/PR2+UZs9XXkU7eile1ZgQ=
9,-8,YCYayydjqmX0UYTvgwfMljWgJ7k=,Q+MXH/PR2+UZs9XXkU7eile1ZgQ=
13,-8,YCYayydjqmX0UYTvgwfMljWgJ7k=,Q+MXH/PR2+UZs9XXkU7eile1ZgQ=
10,-6,YCYayydjqmX0UYTvgwfMljWgJ7k=,Q+MXH/PR2+UZs9XXkU7eile1ZgQ=
11,-5,YCYayydjqmX0UYTvgwfMljWgJ7k=,Q+MXH/PR2+UZs9XXkU7eile1ZgQ=
14,-2,YCYayydjqmX0UYTvgwfMljWgJ7k=,Q+MXH/PR2+UZs9XXkU7eile1ZgQ=
13,-7,YCYayydjqmX0UYTvgwfMljWgJ7k=,Q+MXH/PR2+UZs9XXkU7eile1ZgQ=
9,-5,YCYayydjqmX0UYTvgwfMljWgJ7k=,Q+MXH/PR2+UZs9XXkU7eile1ZgQ=
15,-1,YCYayydjqmX0UYTvgwfMljWgJ7k=,Q+MXH/PR2+UZs9XXkU7eile1ZgQ=
15,-2,YCYayydjqmX0UYTvgwfMljWgJ7k=,Q+MXH/PR2+UZs9XXkU7eile1ZgQ=
10,-5,YCYayydjqmX0UYTvgwfMljWgJ7k=,Q+MXH/PR2+UZs9XXkU7eile1ZgQ=
14,-1,YCYayydjqmX0UYTvgwfMljWgJ7k=,Q+MXH/PR2+UZs9XXkU7eile1ZgQ=
11,-7,YCYayydjqmX0UYTvgwfMljWgJ7k=,Q+MXH/PR2+UZs9XXkU7eile1ZgQ=
9,-1,YCYayydjqmX0UYTvgwfMljWgJ7k=,Q+MXH/PR2+UZs9XXkU7eile1ZgQ=
12,-8,YCYayydjqmX0UYTvgwfMljWgJ7k=,Q+MXH/PR2+UZs9XXkU7eile1ZgQ=
12,-1,YCYayydjqmX0UYTvgwfMljWgJ7k=,Q+MXH/PR2+UZs9XXkU7eile1ZgQ=
14,-7,YCYayydjqmX0UYTvgwfMljWgJ7k=,Q+MXH/PR2+UZs9XXkU7eile1ZgQ=
11,-1,YCYayydjqmX0UYTvgwfMljWgJ7k=,Q+MXH/PR2+UZs9XXkU7eile1ZgQ=
10,-1,YCYayydjqmX0UYTvgwfMljWgJ7k=,Q+MXH/PR2+UZs9XXkU7eile1ZgQ=
9,-7,YCYayydjqmX0UYTvgwfMljWgJ7k=,Q+MXH/PR2+UZs9XXkU7eile1ZgQ=
13,-1,YCYayydjqmX0UYTvgwfMljWgJ7k=,Q+MXH/PR2+UZs9XXkU7eile1ZgQ=
12,-7,YCYayydjqmX0UYTvgwfMljWgJ7k=,Q+MXH/PR2+UZs9XXkU7eile1ZgQ=
8,-2,YCYayydjqmX0UYTvgwfMljWgJ7k=,Q+MXH/PR2+UZs9XXkU7eile1ZgQ=
4,-5,YCYayydjqmX0UYTvgwfMljWgJ7k=,iY81Npbomy8Dj5YW8Fg+rjaSOKE=
7,-1,YCYayydjqmX0UYTvgwfMljWgJ7k=,iY81Npbomy8Dj5YW8Fg+rjaSOKE=
5,-5,YCYayydjqmX0UYTvgwfMljWgJ7k=,iY81Npbomy8Dj5YW8Fg+rjaSOKE=
6,-5,YCYayydjqmX0UYTvgwfMljWgJ7k=,iY81Npbomy8Dj5YW8Fg+rjaSOKE=
7,-5,YCYayydjqmX0UYTvgwfMljWgJ7k=,iY81Npbomy8Dj5YW8Fg+rjaSOKE=
3,-5,YCYayydjqmX0UYTvgwfMljWgJ7k=,iY81Npbomy8Dj5YW8Fg+rjaSOKE=
6,-1,YCYayydjqmX0UYTvgwfMljWgJ7k=,iY81Npbomy8Dj5YW8Fg+rjaSOKE=
0,-4,YCYayydjqmX0UYTvgwfMljWgJ7k=,iY81Npbomy8Dj5YW8Fg+rjaSOKE=
2,-5,YCYayydjqmX0UYTvgwfMljWgJ7k=,iY81Npbomy8Dj5YW8Fg+rjaSOKE=
1,-5,YCYayydjqmX0UYTvgwfMljWgJ7k=,iY81Npbomy8Dj5YW8Fg+rjaSOKE=
8,-1,YCYayydjqmX0UYTvgwfMljWgJ7k=,Q+MXH/PR2+UZs9XXkU7eile1ZgQ=
3,-1,YCYayydjqmX0UYTvgwfMljWgJ7k=,iY81Npbomy8Dj5YW8Fg+rjaSOKE=
8,-3,YCYayydjqmX0UYTvgwfMljWgJ7k=,Q+MXH/PR2+UZs9XXkU7eile1ZgQ=
1,-4,YCYayydjqmX0UYTvgwfMljWgJ7k=,iY81Npbomy8Dj5YW8Fg+rjaSOKE=
4,-1,YCYayydjqmX0UYTvgwfMljWgJ7k=,iY81Npbomy8Dj5YW8Fg+rjaSOKE=
7,-6,YCYayydjqmX0UYTvgwfMljWgJ7k=,iY81Npbomy8Dj5YW8Fg+rjaSOKE=
6,-6,YCYayydjqmX0UYTvgwfMljWgJ7k=,iY81Npbomy8Dj5YW8Fg+rjaSOKE=
2,-4,YCYayydjqmX0UYTvgwfMljWgJ7k=,iY81Npbomy8Dj5YW8Fg+rjaSOKE=
5,-6,YCYayydjqmX0UYTvgwfMljWgJ7k=,iY81Npbomy8Dj5YW8Fg+rjaSOKE=
0,-5,YCYayydjqmX0UYTvgwfMljWgJ7k=,iY81Npbomy8Dj5YW8Fg+rjaSOKE=
5,-1,YCYayydjqmX0UYTvgwfMljWgJ7k=,iY81Npbomy8Dj5YW8Fg+rjaSOKE=
3,-6,YCYayydjqmX0UYTvgwfMljWgJ7k=,iY81Npbomy8Dj5YW8Fg+rjaSOKE=
3,-4,YCYayydjqmX0UYTvgwfMljWgJ7k=,iY81Npbomy8Dj5YW8Fg+rjaSOKE=
4,-6,YCYayydjqmX0UYTvgwfMljWgJ7k=,iY81Npbomy8Dj5YW8Fg+rjaSOKE=
2,-6,YCYayydjqmX0UYTvgwfMljWgJ7k=,iY81Npbomy8Dj5YW8Fg+rjaSOKE=
7,-7,YCYayydjqmX0UYTvgwfMljWgJ7k=,iY81Npbomy8Dj5YW8Fg+rjaSOKE=
4,-4,YCYayydjqmX0UYTvgwfMljWgJ7k=,iY81Npbomy8Dj5YW8Fg+rjaSOKE=
0,-6,YCYayydjqmX0UYTvgwfMljWgJ7k=,iY81Npbomy8Dj5YW8Fg+rjaSOKE=
8,-4,YCYayydjqmX0UYTvgwfMljWgJ7k=,Q+MXH/PR2+UZs9XXkU7eile1ZgQ=
6,-7,YCYayydjqmX0UYTvgwfMljWgJ7k=,iY81Npbomy8Dj5YW8Fg+rjaSOKE=
2,-1,YCYayydjqmX0UYTvgwfMljWgJ7k=,iY81Npbomy8Dj5YW8Fg+rjaSOKE=
5,-4,YCYayydjqmX0UYTvgwfMljWgJ7k=,iY81Npbomy8Dj5YW8Fg+rjaSOKE=
5,-7,YCYayydjqmX0UYTvgwfMljWgJ7k=,iY81Npbomy8Dj5YW8Fg+rjaSOKE=
3,-7,YCYayydjqmX0UYTvgwfMljWgJ7k=,iY81Npbomy8Dj5YW8Fg+rjaSOKE=
1,-6,YCYayydjqmX0UYTvgwfMljWgJ7k=,iY81Npbomy8Dj5YW8Fg+rjaSOKE=
7,-8,YCYayydjqmX0UYTvgwfMljWgJ7k=,iY81Npbomy8Dj5YW8Fg+rjaSOKE=
4,-7,YCYayydjqmX0UYTvgwfMljWgJ7k=,iY81Npbomy8Dj5YW8Fg+rjaSOKE=
2,-7,YCYayydjqmX0UYTvgwfMljWgJ7k=,iY81Npbomy8Dj5YW8Fg+rjaSOKE=
1,-7,YCYayydjqmX0UYTvgwfMljWgJ7k=,iY81Npbomy8Dj5YW8Fg+rjaSOKE=
0,-7,YCYayydjqmX0UYTvgwfMljWgJ7k=,iY81Npbomy8Dj5YW8Fg+rjaSOKE=
6,-8,YCYayydjqmX0UYTvgwfMljWgJ7k=,iY81Npbomy8Dj5YW8Fg+rjaSOKE=
3,-8,YCYayydjqmX0UYTvgwfMljWgJ7k=,iY81Npbomy8Dj5YW8Fg+rjaSOKE=
4,-8,YCYayydjqmX0UYTvgwfMljWgJ7k=,iY81Npbomy8Dj5YW8Fg+rjaSOKE=
1,-1,YCYayydjqmX0UYTvgwfMljWgJ7k=,iY81Npbomy8Dj5YW8Fg+rjaSOKE=
0,-1,YCYayydjqmX0UYTvgwfMljWgJ7k=,iY81Npbomy8Dj5YW8Fg+rjaSOKE=
6,-4,YCYayydjqmX0UYTvgwfMljWgJ7k=,iY81Npbomy8Dj5YW8Fg+rjaSOKE=
7,-2,YCYayydjqmX0UYTvgwfMljWgJ7k=,iY81Npbomy8Dj5YW8Fg+rjaSOKE=
6,-2,YCYayydjqmX0UYTvgwfMljWgJ7k=,iY81Npbomy8Dj5YW8Fg+rjaSOKE=
8,-9,YCYayydjqmX0UYTvgwfMljWgJ7k=,AEH3JZwGWGb4pF3y9UaWPHx+k0k=
5,-8,YCYayydjqmX0UYTvgwfMljWgJ7k=,iY81Npbomy8Dj5YW8Fg+rjaSOKE=
7,-9,YCYayydjqmX0UYTvgwfMljWgJ7k=,xBddWiw7KkNNdr6BomYGJMVVCn4=
2,-8,YCYayydjqmX0UYTvgwfMljWgJ7k=,iY81Npbomy8Dj5YW8Fg+rjaSOKE=
2,-2,YCYayydjqmX0UYTvgwfMljWgJ7k=,iY81Npbomy8Dj5YW8Fg+rjaSOKE=
5,-2,YCYayydjqmX0UYTvgwfMljWgJ7k=,iY81Npbomy8Dj5YW8Fg+rjaSOKE=
4,-2,YCYayydjqmX0UYTvgwfMljWgJ7k=,iY81Npbomy8Dj5YW8Fg+rjaSOKE=
3,-2,YCYayydjqmX0UYTvgwfMljWgJ7k=,iY81Npbomy8Dj5YW8Fg+rjaSOKE=
6,-9,YCYayydjqmX0UYTvgwfMljWgJ7k=,xBddWiw7KkNNdr6BomYGJMVVCn4=
7,-4,YCYayydjqmX0UYTvgwfMljWgJ7k=,iY81Npbomy8Dj5YW8Fg+rjaSOKE=
0,-2,YCYayydjqmX0UYTvgwfMljWgJ7k=,iY81Npbomy8Dj5YW8Fg+rjaSOKE=
7,-3,YCYayydjqmX0UYTvgwfMljWgJ7k=,iY81Npbomy8Dj5YW8Fg+rjaSOKE=
5,-9,YCYayydjqmX0UYTvgwfMljWgJ7k=,xBddWiw7KkNNdr6BomYGJMVVCn4=
6,-3,YCYayydjqmX0UYTvgwfMljWgJ7k=,iY81Npbomy8Dj5YW8Fg+rjaSOKE=
0,-8,YCYayydjqmX0UYTvgwfMljWgJ7k=,iY81Npbomy8Dj5YW8Fg+rjaSOKE=
1,-2,YCYayydjqmX0UYTvgwfMljWgJ7k=,iY81Npbomy8Dj5YW8Fg+rjaSOKE=
5,-3,YCYayydjqmX0UYTvgwfMljWgJ7k=,iY81Npbomy8Dj5YW8Fg+rjaSOKE=
4,-3,YCYayydjqmX0UYTvgwfMljWgJ7k=,iY81Npbomy8Dj5YW8Fg+rjaSOKE=
2,-3,YCYayydjqmX0UYTvgwfMljWgJ7k=,iY81Npbomy8Dj5YW8Fg+rjaSOKE=
3,-3,YCYayydjqmX0UYTvgwfMljWgJ7k=,iY81Npbomy8Dj5YW8Fg+rjaSOKE=
0,-3,YCYayydjqmX0UYTvgwfMljWgJ7k=,iY81Npbomy8Dj5YW8Fg+rjaSOKE=
8,-8,YCYayydjqmX0UYTvgwfMljWgJ7k=,Q+MXH/PR2+UZs9XXkU7eile1ZgQ=
2,-9,YCYayydjqmX0UYTvgwfMljWgJ7k=,xBddWiw7KkNNdr6BomYGJMVVCn4=
3,-9,YCYayydjqmX0UYTvgwfMljWgJ7k=,xBddWiw7KkNNdr6BomYGJMVVCn4=
8,-5,YCYayydjqmX0UYTvgwfMljWgJ7k=,Q+MXH/PR2+UZs9XXkU7eile1ZgQ=
1,-9,YCYayydjqmX0UYTvgwfMljWgJ7k=,xBddWiw7KkNNdr6BomYGJMVVCn4=
0,-9,YCYayydjqmX0UYTvgwfMljWgJ7k=,xBddWiw7KkNNdr6BomYGJMVVCn4=
1,-8,YCYayydjqmX0UYTvgwfMljWgJ7k=,iY81Npbomy8Dj5YW8Fg+rjaSOKE=
8,-6,YCYayydjqmX0UYTvgwfMljWgJ7k=,Q+MXH/PR2+UZs9XXkU7eile1ZgQ=
4,-9,YCYayydjqmX0UYTvgwfMljWgJ7k=,xBddWiw7KkNNdr6BomYGJMVVCn4=
1,-3,YCYayydjqmX0UYTvgwfMljWgJ7k=,iY81Npbomy8Dj5YW8Fg+rjaSOKE=
8,-7,YCYayydjqmX0UYTvgwfMljWgJ7k=,Q+MXH/PR2+UZs9XXkU7eile1ZgQ=
